"auction_date","judgment_amount","address","city","state","zip"
"06/27/2023","$61,685.75","19921 NW 207TH ST","HIGH SPRINGS","FL","32643"
"06/29/2023","$139,975.97","1943 NE 15TH TER","GAINESVILLE","FL","32609"
"06/29/2023","$58,647.09","14232 NE 150TH AVE","WALDO","FL","32694"
"07/06/2023","$95,848.64","25131 NW 3RD AVE","NEWBERRY","FL","32669"
"07/06/2023","$235,259.38","6004 NW 111TH PL","ALACHUA","FL","32615"
"07/06/2023","$51,291.20","13866 NE 150TH AVE","WALDO","FL","32694"
"07/11/2023","$209,640.09","2105 NE 4TH AVE","GAINESVILLE","FL","32641"
"07/13/2023","$105,370.47","5530 SW 8TH PL","GAINESVILLE","FL","32607"
"07/13/2023","$75,592.43","12860 SW 174 ST","ARCHER","FL","32618"
"07/18/2023","$83,116.79","101 SW 136TH ST","NEWBERRY","FL","32669"
"07/19/2023","$6,703.97","11616 NW 8TH LN","GAINESVILLE","FL","32606"
"06/27/2023","$76,946.28","2221 EDGEWOOD DR","PANAMA CITY","FL","32405"
"06/28/2023","$26,424.66","3947 INDIAN SPRINGS RD","PANAMA CITY","FL","32404"
"06/28/2023","$118,977.52","832 PREMIER DR","PANAMA CITY","FL","32401"
"06/28/2023","$302,041.83","7405 LITTLETON RD","PANAMA CITY","FL","32404"
"06/29/2023","$299,587.12","8700 FRONT BEACH RD 7203","PANAMA CITY BEACH","FL","32407"
"06/30/2023","$54,070.84","127 KACY LN","PANAMA CITY","FL","32404"
"07/05/2023","$176,077.82","4900 LAKEWOOD DR S","PANAMA CITY","FL","32404"
"07/05/2023","$151,194.32","12510 STEEPLECHASE DRIVE","PANAMA CITY","FL","32404"
"07/06/2023","$98,842.00","14 11TH ST W","PANAMA CITY","FL","32401"
"07/06/2023","$86,039.05","7011 LOIS ST","PANAMA CITY","FL","32404"
"07/06/2023","$115,340.99","4923 LAKEWOOD DR S","PARKER","FL","32404"
"07/11/2023","$245,448.20","409 CLIFTONIA CIR","PANAMA CITY BEACH","FL","32408"
"07/11/2023","$341,112.99","2636 40TH PLZ E","PANAMA CITY","FL","32405"
"07/19/2023","$50,000.00","9900 THOMAS DR S 2208","PANAMA CITY BEACH","FL","32408"
"07/20/2023","$77,534.81","3706 DOE RUN","SOUTHPORT","FL","32409"
"07/24/2023","$42,425.21","20311 SWEETWATER BRANCH RD","FOUNTAIN","FL","32438"
"08/01/2023","$97,251.66","11600 SCOTT RD","FOUNTAIN","FL","32438"
"08/07/2023","$447,445.87","701 ISLAND CT","PANAMA CITY","FL","32404"
"08/08/2023","$180,097.27","918 VIRGINIA AVE 1/2","LYNN HAVEN","FL","32444"
"08/11/2023","$241,039.84","9206 CHEROKEE ST","YOUNGSTOWN","FL","32466"
"08/16/2023","$298,488.93","1102 NEW JERSEY AVE","LYNN HAVEN","FL","32444"
"08/17/2023","$187,364.91","6300 LAKE JOANNA CIR","PANAMA CITY","FL","32404"
"08/28/2023","$133,952.82","1015 REEL EASY DR","PANAMA CITY","FL","32404"
"08/29/2023","$239,791.50","21115 LAKEVIEW DR S","PANAMA CITY BEACH","FL","32413"
"09/07/2023","$183,818.03","1110 MCKENZIE AVE","PANAMA CITY","FL","32401"
"09/22/2023","$61,493.56","10737 JOHNSON BLVD","YOUNGSTOWN","FL","32466"
"06/27/2023","$1,475,077.18","13976 SW 42 ST","DAVIE","FL","33330"
"06/27/2023","$164,600.28","3050 N PALM AIRE DR 505","POMPANO BEACH","FL","33069"
"06/27/2023","$124,905.75","1856 SW 156 AVE","MIRAMAR","FL","33027"
"06/27/2023","$6,452.64","16848 SW 16 ST","PEMBROKE PINES","FL","33027"
"06/27/2023","$48,836.55","1101 NW 58 TER","SUNRISE","FL","33313"
"06/27/2023","$404,744.07","11945 SW 16 CT","DAVIE","FL","33325"
"06/27/2023","$133,852.40","13455 SW 3 ST 302","PEMBROKE PINES","FL","33027"
"06/29/2023","$259,620.36","4330 NW 7 CT","PLANTATION","FL","33317"
"06/29/2023","$357,123.34","14421 FAIRFAX PL","DAVIE","FL","33325"
"06/29/2023","$293,918.82","5101 SW 24 ST","WEST PARK","FL","33023"
"06/29/2023","$671,777.96","16931 ROYAL POINCIANA DR","WESTON","FL","33326"
"06/29/2023","$840,702.74","14822 SW 36 ST","DAVIE","FL","33331"
"06/29/2023","$466,467.74","5663 NW 39 AVE","COCONUT CREEK","FL","33073"
"06/29/2023","$18,190.81","3930 INVERRARY BLVD 720D","LAUDERHILL","FL","33319"
"06/29/2023","$54,173.98","8571 NW 26 ST","SUNRISE","FL","33322"
"06/30/2023","$5,796.66","9807 SW 57 ST","COOPER CITY","FL","33328"
"07/05/2023","$411,919.78","16848 SW 16 ST","PEMBROKE PINES","FL","33027"
"07/05/2023","$154,591.65","4008 CASCADA CIR","COOPER CITY","FL","33024"
"07/05/2023","$264,590.78","6322 W SAMPLE RD","CORAL SPRINGS","FL","33067"
"07/05/2023","$198,645.84","8410 NW 25 CT","SUNRISE","FL","33322"
"07/05/2023","$243,762.86","1764 NE 49 ST","POMPANO BEACH","FL","33064"
"07/05/2023","$41,003.91","2793 NW 104 AVE 107","SUNRISE","FL","33322"
"07/06/2023","$936,560.55","3110 NE 59 ST","FORT LAUDERDALE","FL","33308"
"07/06/2023","$318,741.91","8755 SW 53 ST","COOPER CITY","FL","33328"
"07/06/2023","$383,374.56","208 MAGNOLIA AVE","DAVIE","FL","33325"
"07/06/2023","$296,540.77","1790 NW 56 AVE","LAUDERHILL","FL","33313"
"07/06/2023","$176,470.54","1310 NW 20 ST","FORT LAUDERDALE","FL","33311"
"07/06/2023","$564,239.48","13300 SW 20 ST","MIRAMAR","FL","33027"
"07/06/2023","$169,851.56","2960 SW 11 ST","FORT LAUDERDALE","FL","33312"
"07/06/2023","$682,250.59","17319 SW 22 ST","MIRAMAR","FL","33029"
"07/06/2023","$559,767.90","1752 E TRAFALGAR CIR","HOLLYWOOD","FL","33020"
"07/06/2023","$1,202,511.66","11306 PORT ST","COOPER CITY","FL","33026"
"07/11/2023","$865,003.88","2446 SE 11 ST","POMPANO BEACH","FL","33062"
"07/11/2023","$979,369.09","5227 SW 195 TER","MIRAMAR","FL","33029"
"07/11/2023","$178,771.69","10651 SW 7 ST 1807","PEMBROKE PINES","FL","33025"
"07/11/2023","$502,825.96","10210 NW 48 CT","CORAL SPRINGS","FL","33076"
"07/11/2023","$301,438.97","5568 NW 90 TER","SUNRISE","FL","33351"
"07/11/2023","$190,203.07","12112 ST ANDREWS PL","MIRAMAR","FL","33025"
"07/11/2023","$199,833.33","111 LAKE EMERALD DR","OAKLAND PARK","FL","33309"
"07/11/2023","$251,950.74","3868 NW 34 ST","LAUDERDALE LAKES","FL","33309"
"07/11/2023","$275,484.85","6770 CHARLESTON ST","HOLLYWOOD","FL","33024"
"07/11/2023","$470,015.43","869 NE 4 CT","DEERFIELD BEACH","FL","33441"
"07/12/2023","$218,361.77","713 GARDENS DR 205","POMPANO BEACH","FL","33069"
"07/12/2023","$525,506.54","3810 N 32 AVE","HOLLYWOOD","FL","33021"
"07/12/2023","$241,603.57","1705 ANDROS ISLE","COCONUT CREEK","FL","33066"
"07/12/2023","$370,192.95","2841 N OAKLAND FOREST DR","OAKLAND PARK","FL","33309"
"07/12/2023","$319,031.96","4517 NW 40 ST","LAUDERDALE LAKES","FL","33319"
"07/13/2023","$974,683.00","18521 SW 44 ST","MIRAMAR","FL","33029"
"07/13/2023","$193,020.12","2606 ISLAND DR","MIRAMAR","FL","33023"
"07/13/2023","$233,027.71","2703 W ORCHARD CIR","DAVIE","FL","33328"
"07/13/2023","$244,680.94","9471 SUNSET STRIP","SUNRISE","FL","33322"
"07/13/2023","$423,755.54","1210 NW 76 AVE","PLANTATION","FL","33322"
"07/13/2023","$285,105.39","364 NW 48 ST","OAKLAND PARK","FL","33309"
"07/18/2023","$413,057.67","12723 SW 53 CT","MIRAMAR","FL","33027"
"07/18/2023","$393,491.57","3360 SW 50 ST","HOLLYWOOD","FL","33312"
"07/18/2023","$1,057,713.78","1807 VICTORIA POINTE CIR","WESTON","FL","33327"
"07/18/2023","$966,554.79","3531 NE 30 AVE","LIGHTHOUSE POINT","FL","33064"
"07/18/2023","$121,877.66","3321 NW 47 TER","LAUDERDALE LAKES","FL","33319"
"07/18/2023","$537,135.63","16891 SW 49 CT","MIRAMAR","FL","33027"
"07/18/2023","$1,621,744.23","2521 SW 102 DR","DAVIE","FL","33324"
"07/18/2023","$506,455.01","1221 NE 14 AVE","FORT LAUDERDALE","FL","33304"
"07/18/2023","$416,129.13","287 NW 41 AVE","DEERFIELD BEACH","FL","33442"
"07/19/2023","$238,776.98","6520 NW 98 TER","TAMARAC","FL","33321"
"07/19/2023","$118,136.20","5721 NW 65 WAY","TAMARAC","FL","33321"
"07/19/2023","$431,180.69","6530 GARFIELD ST","HOLLYWOOD","FL","33024"
"07/20/2023","$846,315.15","900 LAKEWOOD CT","WESTON","FL","33326"
"07/20/2023","$1,308,847.48","5893 NW 91 AVE","PARKLAND","FL","33067"
"07/20/2023","$595,742.54","16201 SW 23 ST","MIRAMAR","FL","33027"
"07/20/2023","$416,845.41","9873 NW 13 CT","CORAL SPRINGS","FL","33071"
"07/20/2023","$539,114.87","13824 NW 22 ST","SUNRISE","FL","33325"
"07/20/2023","$372,999.75","2203 DISCOVERY CIR","DEERFIELD BEACH","FL","33442"
"07/20/2023","$8,125.74","4160 INVERRARY DR","LAUDERHILL","FL","33319"
"07/21/2023","$12,488.37","3295 COCOPLUM CIR","COCONUT CREEK","FL","33063"
"07/21/2023","$29,521.03","10250 SW 24 CT","MIRAMAR","FL","33025"
"07/25/2023","$539,192.93","739 SE 11 AVE","DEERFIELD BEACH","FL","33441"
"07/25/2023","$831,744.59","7992 NW 109 LN","PARKLAND","FL","33076"
"07/25/2023","$334,610.39","11310 NW 23 ST","PEMBROKE PINES","FL","33026"
"07/25/2023","$84,640.19","7905 NW 73 TER","TAMARAC","FL","33321"
"07/25/2023","$445,666.87","2150 NW 98 TER","PEMBROKE PINES","FL","33024"
"07/25/2023","$135,222.62","450 S PARK RD 5/307","HOLLYWOOD","FL","33021"
"07/25/2023","$411,430.73","922 S NORTHLAKE DR","HOLLYWOOD","FL","33019"
"07/25/2023","$19,614.23","3712 SW 68 WAY 9-F","MIRAMAR","FL","33023"
"07/25/2023","$91,899.12","4140 NW 44 AVE","LAUDERDALE LAKES","FL","33319"
"07/26/2023","$609,769.39","10703 SW 59 ST","DAVIE","FL","33328"
"07/27/2023","$749,027.97","1336 NW 129 WAY","SUNRISE","FL","33323"
"08/01/2023","$221,426.57","2555 NE 11 ST","FORT LAUDERDALE","FL","33304"
"08/01/2023","$43,174.50","5978 NW 29 PL 116","SUNRISE","FL","33313"
"08/01/2023","$269,534.16","3155 NW 3 ST","LAUDERHILL","FL","33311"
"08/01/2023","$308,197.73","3160 NE 11 AVE","POMPANO BEACH","FL","33064"
"08/02/2023","$353,434.26","1507 HAYES ST","HOLLYWOOD","FL","33020"
"08/02/2023","$306,952.20","4931 NW 11 CT","LAUDERHILL","FL","33313"
"08/04/2023","$13,186.16","18423 NW 20 ST","PEMBROKE PINES","FL","33029"
"08/09/2023","$13,427.19","761 E COCO PLUM CIR","PLANTATION","FL","33324"
"08/09/2023","$12,546.37","6361 N FALLS CIRCLE DR","LAUDERHILL","FL","33319"
"08/10/2023","$1,111,600.59","4917 SW 167 AVE","MIRAMAR","FL","33027"
"08/10/2023","$310,610.50","3941 NW 115 TER","SUNRISE","FL","33323"
"08/10/2023","$869,601.66","10182 RAMBLEWOOD DR","CORAL SPRINGS","FL","33071"
"08/10/2023","$440,888.92","988 NW 10 ST","HALLANDALE BEACH","FL","33009"
"08/15/2023","$456,723.28","16275 MARIPOSA CIR N","PEMBROKE PINES","FL","33331"
"08/15/2023","$161,068.41","6296 BLVD OF CHAMPIONS","NORTH LAUDERDALE","FL","33068"
"08/16/2023","$468,339.43","626 NW 208 WAY","PEMBROKE PINES","FL","33029"
"08/16/2023","$84,115.49","4751 NW 5 CT","PLANTATION","FL","33317"
"08/16/2023","$168,385.78","3301 SPANISH MOSS TER 505","LAUDERHILL","FL","33319"
"08/22/2023","$23,365.12","8545 NW 12 ST","PLANTATION","FL","33322"
"08/23/2023","$995,980.29","918 NE 17 TER","FORT LAUDERDALE","FL","33304"
"08/25/2023","$39,098.58","2925 NW 4 ST","UNINCORPORATED","FL","33311"
"08/31/2023","$642,866.71","6844 NW 70 PL","PARKLAND","FL","33067"
"09/05/2023","$349,035.15","6430 AMBERJACK TER","MARGATE","FL","33063"
"09/05/2023","$38,394.09","5630 SIMMS ST","HOLLYWOOD","FL","33021"
"09/19/2023","$386,973.70","4959 NW 91 TER","SUNRISE","FL","33351"
"09/19/2023","$97,989.89","2701 N 34 AVE","HOLLYWOOD","FL","33021"
"09/19/2023","$220,778.21","4340 SW 19 ST","WEST PARK","FL","33023"
"09/20/2023","$308,163.57","6900 SW 39 ST","DAVIE","FL","33314"
"09/20/2023","$400,858.08","1141 SW 8 TER","FORT LAUDERDALE","FL","33315"
"09/26/2023","$249,565.74","950 NW 49 CT","DEERFIELD BEACH","FL","33064"
"09/26/2023","$177,387.84","4100 N 58 AVE","HOLLYWOOD","FL","33021"
"07/05/2023","$139,149.72","3101 BOURBON ST","ENGLEWOOD","FL","34224"
"07/05/2023","$201,759.28","17016 OHARA DR","PORT CHARLOTTE","FL","33948"
"07/05/2023","$220,879.29","18117 SUMMERDOWN AVE","PORT CHARLOTTE","FL","33948"
"07/05/2023","$117,951.21","21482 GLENDALE AVE","PORT CHARLOTTE","FL","33952"
"07/10/2023","$197,253.74","21105 HIGGS DR","PORT CHARLOTTE","FL","33952"
"07/10/2023","$34,802.47","309 BRASILIA ST","PUNTA GORDA","FL","33983"
"07/10/2023","$180,568.28","1925 BANANA ST","PORT CHARLOTTE","FL","33980"
"07/14/2023","$19,056.52","2437 HARBOR BLVD -UNIT 112","PORT CHARLOTTE","FL","33952"
"07/14/2023","$125,213.19","21280 BRINSON AVE -UNIT 116","PORT CHARLOTTE","FL","33952"
"07/14/2023","$215,146.58","7286 SAN CASA DR","ENGLEWOOD","FL","34224"
"07/14/2023","$144,636.77","3692 EASY ST","PORT CHARLOTTE","FL","33952"
"07/17/2023","$52,369.16","5525 BEECHWOOD ST","PUNTA GORDA","FL","33982"
"07/17/2023","$654,170.83","740 CORONADO DR","PUNTA GORDA","FL","33950"
"07/20/2023","$190,728.54","29436 LILLIS ST","PUNTA GORDA","FL","33982"
"07/21/2023","$1,132.60","4750 CYPRESS GROVE CIR","PUNTA GORDA","FL","33982"
"07/21/2023","$47,858.78","2100 KINGS HIGHWAY","PORT CHARLTOTTE","FL","33980"
"07/21/2023","$17,610.48","2282 SULSTONE DR","PUNTA GORDA","FL","33983"
"07/21/2023","$18,070.43","13093 HARBISON AVE","PORT CHARLOTTE","FL","33953"
"07/24/2023","$133,866.84","13386 PRENTICE AVE","PORT CHARLOTTE","FL","33953"
"07/26/2023","$30,700.95","14046 RITTER AVE","PORT CHARLOTTE","FL","33953"
"07/28/2023","$57,527.22","5582 SWAYING PALM DR","PUNTA GORDA","FL","33982"
"08/07/2023","$125,750.37","22257 YONKERS AVE","PORT CHARLOTTE","FL","33952"
"08/28/2023","$19,045.05","2218 BEURKET ST","PORT CHARLOTTE","FL","33953"
"09/22/2023","$180,525.49","1652 HAYWORTH RD","PORT CHARLOTTE","FL","33952"
"07/06/2023","$70,089.55","7101 W WILD OAK PL","HOMOSASSA","FL","34448"
"07/06/2023","$171,522.41","1133 SE 3RD ST","CRYSTAL RIVER","FL","34429"
"07/06/2023","$56,434.41","9211 E REDWOOD PL","INVERNESS","FL","34450"
"07/06/2023","$170,031.33","8 S WASHINGTON ST","BEVERLY HILLS","FL","34465"
"07/06/2023","$214,967.47","373 W PARROT PL","CITRUS SPRINGS","FL","34434"
"07/13/2023","$53,532.37","4 POPLAR DR","HOMOSASSA","FL","34446"
"07/20/2023","$153,185.01","209 RED ROSE LN","INVERNESS","FL","34452"
"07/20/2023","$302,925.14","19 FOXGREEN CT","HOMOSASSA","FL","34446"
"07/20/2023","$90,840.24","6198 S COSTA PT","HOMOSASSA","FL","34446"
"07/20/2023","$202,677.37","4046 E BENNETT ST","INVERNESS","FL","34453"
"07/20/2023","$162,583.39","6632W PELICAN LN","HOMOSASSA","FL","34448"
"07/27/2023","$85,446.53","8217 W SCOTCH PINE LN","CRYSTAL RIVER","FL","34428"
"07/27/2023","$75,312.46","5590 S GRAY OAK TER","LECANTO","FL","34461"
"06/29/2023","$2,277.50","3789 BLACKTHORN CT","ORANGE PARK","FL","32073"
"06/30/2023","$181,953.80","551 BAY HAWK CT","ORANGE PARK","FL","32073"
"07/05/2023","$252,077.09","3492 STEELGATE CT","MIDDLEBURG","FL","32068"
"07/05/2023","$239,278.49","3513 BUTTERNUT WAY","ORANGE PARK","FL","32065"
"07/05/2023","$14,760.00","625 OAKLEAF PLANTATION PKWY 71","ORANGE PARK","FL","32065"
"07/12/2023","$163,251.46","3285 WILDERNESS CIR","MIDDLEBURG","FL","32068"
"07/12/2023","$169,988.56","2409 RUSSELL","GREEN COVE SPRINGS","FL","32043"
"07/12/2023","$192,632.72","3750 SILVER BLUFF BLVD 301","ORANGE PARK","FL","32065"
"07/12/2023","$2,100.00","3817 NATURE WALK CT","MIDDLEBURG","FL","32068"
"07/12/2023","$27,499.25","2148 GINHOUSE DR","MIDDLEBURG","FL","32068"
"07/19/2023","$485,459.86","3105 THUNDER RD","MIDDLEBURG","FL","32068"
"07/26/2023","$91,443.04","150 SATSUMA ST","KEYSTONE HEIGHTS","FL","32656"
"07/31/2023","$147,921.96","221 SW GROVE ST","KEYSTONE HEIGHTS","FL","32656"
"07/31/2023","$233,539.44","4886 S US HIGHWAY 17","GREEN COVE SPRINGS","FL","32043"
"07/31/2023","$100,713.84","315 SW JASMINE AVE","KEYSTONE HEIGHTS","FL","32656"
"08/07/2023","$147,787.10","551 BAY HAWK CT","ORANGE PARK","FL","32073"
"08/09/2023","$398,053.32","429 WILTON CT","ORANGE PARK","FL","32065"
"08/16/2023","$261,622.51","824 SUNNY STROLL DR","MIDDLEBURG","FL","32068"
"08/17/2023","$127,491.87","396 BONNLYN DR","ORANGE PARK","FL","32073"
"06/26/2023","$12,944.90","1438 TRIPPER DR","JACKSONVILLE","FL","32211"
"06/26/2023","$87,613.32","RIBAULT SCENIC DR","JACKSONVILLE","FL","32208"
"06/26/2023","$179,956.45","4247 RAPALLO RD","JACKSONVILLE","FL","32244"
"06/27/2023","$11,058.28","10136 SANDLER RD","JACKSONVILLE","FL","32222"
"06/28/2023","$251,845.75","12993 S STAFFORDSHIRE DR","JACKSONVILLE","FL","32225"
"06/28/2023","$130,510.56","15933 LEM TURNER RD","JACKSONVILLE","FL","32218"
"06/28/2023","$28,304.24","7605 LAS PALMAS WAY 262","JACKSONVILLE","FL","32256"
"06/28/2023","$47,142.75","1069 SHAKE ROCK CT","JACKSONVILLE","FL","32221"
"06/28/2023","$260,159.65","11506 E OTTERS DEN CT","JACKSONVILLE","FL","32219"
"06/28/2023","$132,813.77","10560 BISCAYNE BLVD","JACKSONVILLE","FL","32218"
"06/28/2023","$215,044.52","3929 TARA HALL DR","JACKSONVILLE","FL","32277"
"07/03/2023","$231,358.70","2207 MISSION CREEK CT","JACKSONVILLE","FL","32218"
"07/05/2023","$149,612.42","5941 W MONCRIEF RD","JACKSONVILLE","FL","32219"
"07/05/2023","$619,058.76","1982 CAMILLIA OAKS LN","JACKSONVILLE","FL","32217"
"07/05/2023","$356,419.13","11157 LAKE BLUFF RD","JACKSONVILLE","FL","32257"
"07/05/2023","$83,887.19","1018 TOWNSEND BLVD","JACKSONVILLE","FL","32211"
"07/06/2023","$226,114.12","12082 HIDDEN HILLS DR","JACKSONVILLE","FL","32225"
"07/06/2023","$34,748.90","5449 TURKEY CREEK CT","JACKSONVILLE","FL","32244"
"07/06/2023","$8,230.46","10907 LOTHMORE RD","JACKSONVILLE","FL","32221"
"07/07/2023","$576,619.37","5145 ORTEGA FARMS BLVD","JACKSONVILLE","FL","32210"
"07/07/2023","$269,784.35","1645 CLEMSON RD","JACKSONVILLE","FL","32217"
"07/10/2023","$119,537.87","5040 TALLYHO AVE","JACKSONVILLE","FL","32208"
"07/10/2023","$234,472.33","6175 N BRIARFOREST RD","JACKSONVILLE","FL","32277"
"07/10/2023","$57,411.49","1750 N SECRETARIAT LN","JACKSONVILLE","FL","32218"
"07/11/2023","$49,592.07","1745 RUTLEDGE AVE","JACKSONVILLE","FL","32208"
"07/11/2023","$6,258.27","1781 FOREST CREEK DR","JACKSONVILLE","FL","32225"
"07/11/2023","$50,482.86","7139 S GAILLARDIA RD","JACKSONVILLE","FL","32211"
"07/11/2023","$116,568.78","9255 NORFOLK BLVD","JACKSONVILLE","FL","32208"
"07/11/2023","$313,784.33","9879 PATRIOT RIDGE DR","JACKSONVILLE","FL","32221"
"07/11/2023","$305,673.99","3722 CHEROKEE VILLA LN","JACKSONVILLE","FL","32277"
"07/11/2023","$202,378.59","12076 COLBY CREEK DR","JACKSONVILLE","FL","32258"
"07/11/2023","$92,515.05","2934 W STONEHURST RD","JACKSONVILLE","FL","32277"
"07/11/2023","$94,068.04","10819 GLADWYNNE RD","JACKSONVILLE","FL","32218"
"07/11/2023","$139,662.14","2829 W HILLRIDGE LN","JACKSONVILLE","FL","32216"
"07/12/2023","$470,218.71","2342 CHEROKEE COVE TRL","JACKSONVILLE","FL","32221"
"07/12/2023","$123,177.00","8039 W BRIDGECREEK DR","JACKSONVILLE","FL","32244"
"07/12/2023","$167,778.42","11566 KEY BISCAYNE DR","JACKSONVILLE","FL","32218"
"07/12/2023","$212,759.17","5764 CLEVELAND RD","JACKSONVILLE","FL","32209"
"07/12/2023","$149,139.38","8038 BOND DR","JACKSONVILLE","FL","32208"
"07/12/2023","$62,738.90","1268 ORTON ST","JACKSONVILLE","FL","32205"
"07/12/2023","$239,820.41","10705 APPALOOSA DR","JACKSONVILLE","FL","32257"
"07/12/2023","$123,659.45","2821 POST ST","JACKSONVILLE","FL","32205"
"07/12/2023","$100,615.18","8150 VILLAGE GATE CT","JACKSONVILLE","FL","32217"
"07/12/2023","$163,528.85","8745 10TH AVE","JACKSONVILLE","FL","32208"
"07/13/2023","$133,581.02","1231 BROOKWOOD FOREST BLVD","JACKSONVILLE","FL","32225"
"07/13/2023","$7,089.87","11529 OAKLAWN RD","JACKSONVILLE","FL","32218"
"07/13/2023","$211,241.51","131 COTTAGE AVE","JACKSONVILLE","FL","32206"
"07/13/2023","$140,961.98","4810 CEDAR POINT RD","JACKSONVILLE","FL","32226"
"07/13/2023","$80,499.11","3929 ROBERT C WEAVER DR","JACKSONVILLE","FL","32208"
"07/13/2023","$227,946.12","8340 THORNTON CT","JACKSONVILLE","FL","32221"
"07/13/2023","$276,799.21","6484 SMOOTH THORN CT","JACKSONVILLE","FL","32258"
"07/13/2023","$137,797.63","11038 GULLWING CT","JACKSONVILLE","FL","32246"
"07/13/2023","$188,040.00","11018 TRACI LYNN DR","JACKSONVILLE","FL","32218"
"07/13/2023","$35,654.75","5607 POITIER DR","JACKSONVILLE","FL","32209"
"07/14/2023","$37,513.99","731 S 1ST ST 418","JACKSONVILLE BEACH","FL","32250"
"07/17/2023","$0.00","2212 SOTTERLEY LN","JACKSONVILLE","FL","32220"
"07/18/2023","$185,007.38","5944 ROUND TABLE RD","JACKSONVILLE","FL","32254"
"07/18/2023","$93,270.25","6433 N DIAMOND LEAF CT","JACKSONVILLE","FL","32244"
"07/18/2023","$320,640.56","10051 CISCO DR","JACKSONVILLE","FL","32219"
"07/18/2023","$240,800.00","3751 BESS RD","JACKSONVILLE","FL","32277"
"07/18/2023","$201,729.68","3200 ROGERS AVE","JACKSONVILLE","FL","32208"
"07/18/2023","$9,613.17","8328 E CROSS TIMBERS DR","JACKSONVILLE","FL","32244"
"07/19/2023","$137,977.38","9669 WATERLOO PL","JACKSONVILLE","FL","32221"
"07/19/2023","$89,054.04","11465 DUNN CREEK RD","JACKSONVILLE","FL","32218"
"07/19/2023","$176,691.67","5432 CRESTA WAY","JACKSONVILLE","FL","32211"
"07/19/2023","$280,775.79","217 AMBER RIDGE RD","JACKSONVILLE","FL","32218"
"06/27/2023","$245,771.96","1429 CHIPPENDALE RD","CANTONMENT","FL","32533"
"06/27/2023","$128,610.83","8901 ARCADIA RD","PENSACOLA","FL","32534"
"07/05/2023","$89,702.86","100 MANGO ST","PENSACOLA","FL","32503"
"07/06/2023","$134,180.52","10110 SUGAR CREEK DR","PENSACOLA","FL","32514"
"07/06/2023","$40,895.01","701 N 49TH AVE","PENSACOLA","FL","32506"
"07/06/2023","$161,562.32","6819 DERWENT CIR","PENSACOLA","FL","32506"
"07/06/2023","$167,206.73","1305 POPPY AVE","PERDIDO KEY","FL","32507"
"07/07/2023","$161,159.08","9001 THOMPSON DR","PENSACOLA","FL","32534"
"07/07/2023","$160,527.93","7164 WHIRLYBIRD AVE","PENSACOLA","FL","32504"
"07/11/2023","$109,209.14","8895 UNTREINER AVE","PENSACOLA","FL","32534"
"07/11/2023","$139,580.13","112 SAVANNAH ST","PENSACOLA","FL","32503"
"07/12/2023","$34,177.34","2116 W GONZALEZ ST","PENSACOLA","FL","32505"
"07/14/2023","$139,800.63","700 N 49TH AVE","PENSACOLA","FL","32506"
"07/14/2023","$153,732.99","7015 REDONDO DR","PENSACOLA","FL","32526"
"07/18/2023","$175,185.75","6536 COLONADE CIR","PENSACOLA","FL","32506"
"07/18/2023","$192,656.27","6717 KLONDIKE RD","PENSACOLA","FL","32526"
"07/25/2023","$358,260.34","850 FORT PICKENS RD 610","PENSACOLA BEACH","FL","32561"
"07/26/2023","$194,602.36","5406 CHARBAR DR","PENSACOLA","FL","32526"
"07/26/2023","$269,209.42","7630 HENDRIX AVE","PENSACOLA","FL","32514"
"07/26/2023","$324,609.99","7770 GRUNDY ST","PERDIDO KEY","FL","32507"
"07/27/2023","$216,986.00","708 VIA DELUNA DR","PENSACOLA BEACH","FL","32561"
"07/27/2023","$164,550.88","550 WYNNEHURST ST","PENSACOLA","FL","32503"
"08/01/2023","$339,220.18","3125 LOST CREEK DR","CANTONMENT","FL","32533"
"08/01/2023","$127,671.60","4850 WOODCLIFF DR","PENSACOLA","FL","32504"
"08/02/2023","$63,625.81","3241 N CAMP TD","MCDAVID","FL","32568"
"08/02/2023","$173,038.82","3673 BEAGLES ST","PENSACOLA","FL","32514"
"08/03/2023","$27,555.78","30 HOWARD DR","PENSACOLA","FL","32503"
"08/04/2023","$216,758.20","1043 FLEMING DR","PENSACOLA","FL","32514"
"08/08/2023","$112,393.65","401 CORNWALL CIR","PENSACOLA","FL","32514"
"08/08/2023","$167,972.35","2720 EUREKA LN","PENSACOLA","FL","32526"
"08/17/2023","$89,506.82","7810 HIDALGO ST","PENSACOLA","FL","32526"
"08/22/2023","$23,381.47","416 S D ST","PENSACOLA","FL","32502"
"08/25/2023","$152,512.72","1227 MAZUREK BLVD","PENSACOLA","FL","32514"
"09/01/2023","$154,384.29","830 EL CAMINO DR","CANTONMENT","FL","32533"
"09/01/2023","$557,672.24","3361 TOMPKINS ST","PENSACOLA","FL","32504"
"09/05/2023","$71,049.04","1100 PATTON DR","PERDIDO KEY","FL","32507"
"09/26/2023","$355,759.09","3250 BAYOU BLVD","PENSACOLA","FL","32503"
"09/26/2023","$191,304.19","3820 N 11TH AVE","PENSACOLA","FL","32503"
"06/26/2023","$375,522.36","3680 NW 73 TRL","BELL","FL","32619"
"06/26/2023","$148,443.48","312 SW 4TH AVE","TRENTON","FL","32693"
"06/26/2023","$249,420.05","18704 WALKER RD","LUTZ","FL","33549"
"06/27/2023","$371,412.77","4135 AMBER RIDGE LN","VALRICO","FL","33594"
"06/27/2023","$387,409.76","7204 11TH ST","TAMPA","FL","33604"
"06/27/2023","$159,584.85","2322 E 111TH AVE","TAMPA","FL","33612"
"06/28/2023","$268,854.07","10219 NEWEL VALLEY LOOP","RIVERVIEW","FL","33569"
"06/29/2023","$227,051.49","1635 PALM LEAF DR","BRANDON","FL","33510"
"06/29/2023","$165,166.20","5707 S 79TH ST","TAMPA","FL","33619"
"06/29/2023","$122,451.75","315 N MOON AVE","BRANDON","FL","33510"
"06/30/2023","$162,169.22","1110 ALICIA AVE","TAMPA","FL","33604"
"06/30/2023","$114,735.88","3906 W FLORA ST","TAMPA","FL","33614"
"06/30/2023","$37,365.58","8718 MALLARD RESERVE DR 202","TAMPA","FL","33614"
"06/30/2023","$8,589.86","4521 BAY SPRING CT","TAMPA","FL","33611"
"06/30/2023","$80,635.57","231 THORNTREE PL","BRANDON","FL","33510"
"07/03/2023","$55,006.23","11347 BLACKBARK DR","RIVERVIEW","FL","33569"
"07/03/2023","$1,930.00","9801 WHITE BARN WAY","RIVERVIEW","FL","33569"
"07/05/2023","$440,327.32","3901 W ANGELES ST","TAMPA","FL","33629"
"07/05/2023","$265,847.09","14450 SCOTTBURGH GLEN DR","WIMAUMA","FL","33598"
"07/05/2023","$108,544.58","2925 SAMPLE LOOP","TAMPA","FL","33619"
"07/05/2023","$130,457.90","131 OLD WELCOME RD","LITHIA","FL","33547"
"07/06/2023","$288,049.61","206 S OBRIEN ST","TAMPA","FL","33609"
"07/06/2023","$102,195.87","3410 31ST ST","TAMPA","FL","33605"
"07/06/2023","$76,951.26","5235 LIME AVE","SEFFNER","FL","33584"
"07/06/2023","$12,233.10","4636 RIVER OVERLOOK DR","VALRICO","FL","33596"
"07/07/2023","$7,324.28","2018 PEACEFUL PALM ST","RUSKIN","FL","33570"
"07/07/2023","$3,009.50","10517 WHISPERING HAMMOCK DR","RIVERVIEW","FL","33578"
"07/07/2023","$17,118.73","1910 E PALM AVE 12202","TAMPA","FL","33605"
"07/07/2023","$4,169.14","557 OLIVE CONCH ST","RUSKIN","FL","33570"
"07/07/2023","$5,967.64","12542 CANDLEBERRY CIR","TAMPA","FL","33635"
"07/10/2023","$160,536.82","8514 WOODWICK CT","TAMPA","FL","33615"
"07/10/2023","$525,558.24","4401 S TRASK ST","TAMPA","FL","33611"
"07/11/2023","$283,737.10","19139 WHITE WING PL 33","TAMPA","FL","33647"
"07/11/2023","$264,999.50","1120 W NASSAU ST","TAMPA","FL","33607"
"07/11/2023","$302,899.45","1119 TUXFORD DR","BRANDON","FL","33511"
"07/12/2023","$178,693.41","603 BRENTWOOD PL","BRANDON","FL","33511"
"07/12/2023","$152,891.88","19112 AUTUMN WOODS AVE","TAMPA","FL","33647"
"07/12/2023","$321,272.34","11403 WARREN OAKS PL","RIVERVIEW","FL","33578"
"07/12/2023","$650,210.02","1219 S 66TH ST","TAMPA","FL","33619"
"07/12/2023","$243,598.61","18202 HOLLYHILLS WAY","TAMPA","FL","33647"
"07/12/2023","$113,532.94","2917 E 21ST AVE","TAMPA","FL","33605"
"07/13/2023","$414,128.30","612 CITRUS WOOD LN","VALRICO","FL","33594"
"07/13/2023","$241,947.54","4829 GROVE POINT DR","TAMPA","FL","33624"
"07/13/2023","$1,930.00","11021 RISING MIST BLVD","RIVERVIEW","FL","33578"
"07/14/2023","$293,984.32","610 HUNTINGTON ST","BRANDON","FL","33511"
"07/14/2023","$281,948.08","19504 PINE VALLEY RD","ODESSA","FL","33556"
"07/14/2023","$8,611.26","9613 ORANGE JASMINE WAY","TAMPA","FL","33647"
"07/14/2023","$4,441.20","1104 TIDAL ROCK AVE","RUSKIN","FL","33570"
"07/14/2023","$200,856.32","1138 BARCLAY WOOD DR","RUSKIN","FL","33570"
"07/17/2023","$209,725.83","10440 TARA DR","RIVERVIEW","FL","33578"
"07/17/2023","$196,026.80","1008 E NORFOLK ST","TAMPA","FL","33604"
"07/17/2023","$129,007.73","9708 GRETNA GREEN DR","TAMPA","FL","33626"
"07/17/2023","$219,377.25","733 TAM O SHANTER AVE","SUN CITY CENTER","FL","33573"
"07/17/2023","$144,727.09","6705 LETO DR","TAMPA","FL","33619"
"07/17/2023","$188,139.44","10923 KEYS GATE DR","RIVERVIEW","FL","33579"
"07/17/2023","$133,533.42","2313 MAGNOLIA AVE","SEFFNER","FL","33584"
"07/17/2023","$63,985.00","1811 E 97TH AVE","TAMPA","FL","33612"
"07/18/2023","$330,024.79","8807 TROPICAL PALM DR","TAMPA","FL","33626"
"07/19/2023","$990,062.51","441 LUCERNE AVE","TAMPA","FL","33606"
"07/20/2023","$179,965.29","607 WABASH BREEZE CIR","RUSKIN","FL","33570"
"07/20/2023","$200,238.92","4216 E EVA ST","TAMPA","FL","33617"
"07/20/2023","$40,228.98","9933 E FOWLER AVE","THONOTOSASSA","FL","33592"
"07/20/2023","$312,749.29","915 E CLAY AVE","BRANDON","FL","33510"
"07/20/2023","$150,301.43","8824 METHENY CIR","TAMPA","FL","33615"
"07/20/2023","$312,312.71","10912 ESTATES DEL SOL DR","RIVERVIEW","FL","33579"
"07/20/2023","$187,401.60","1515 E HANNA AVE","TAMPA","FL","33610"
"07/21/2023","$2,046.90","8733 BOYSENBERRY DR","TAMPA","FL","33635"
"07/21/2023","$9,620.36","4207 S DALE MABRY HWY 5207","TAMPA","FL","33611"
"07/21/2023","$4,293.64","729 OLIVE CONCH ST","RUSKIN","FL","33570"
"07/21/2023","$65,218.90","2015 E FAIRBANKS ST","TAMPA","FL","33604"
"07/21/2023","$5,697.72","11636 IRIS SPRING CT","RIVERVIEW","FL","33579"
"06/30/2023","$84,603.95","451634TH AV","VERO BEACH","FL","32967"
"07/05/2023","$261,019.44","1456ST DAVIDS LN","VERO BEACH","FL","32967"
"07/05/2023","$2,914,010.64","770LAKE DR","VERO BEACH","FL","32963"
"07/07/2023","$299,027.70","1343LEXINGTON SQ SW","VERO BEACH","FL","32962"
"07/07/2023","$167,395.09","735TIMBER RIDGE TRAIL SW","VERO BEACH","FL","32962"
"07/07/2023","$223,831.43","96032ND AV SW","VERO BEACH","FL","32968"
"07/07/2023","$10,905.50","402941ST SQ","VERO BEACH","FL","32967"
"07/10/2023","$350,124.05","902686TH ST","VERO BEACH","FL","32967"
"07/10/2023","$203,706.60","866697TH AV","VERO BEACH","FL","32967"
"07/10/2023","$282,398.00","4139KEESON CIR","VERO BEACH","FL","32967"
"07/17/2023","$192,947.03","530 E FOREST TRAIL","VERO BEACH","FL","32962"
"07/17/2023","$137,087.94","9185107TH CT","VERO BEACH","FL","32967"
"07/21/2023","$345,822.86","857599TH AV","VERO BEACH","FL","32967"
"07/21/2023","$86,963.03","490EASY ST","SEBASTIAN","FL","32958"
"07/24/2023","$253,689.85","42355TH ST","VERO BEACH","FL","32968"
"08/07/2023","$248,746.56","948CANAL CIR","SEBASTIAN","FL","32958"
"08/07/2023","$16,697.52","290CHAMPAGNE CT SW","VERO BEACH","FL","32968"
"08/07/2023","$294,679.15","22200STATE ROAD 60","VERO BEACH","FL","32966"
"08/14/2023","$459,281.95","75324TH SQ","VERO BEACH","FL","32962"
"08/14/2023","$124,446.45","883693RD AV","VERO BEACH","FL","32967"
"08/15/2023","$134,780.57","301BENEDICTINE TER","SEBASTIAN","FL","32958"
"08/15/2023","$216,381.11","52921ST ST SW","VERO BEACH","FL","32962"
"08/15/2023","$4,365.71","6055VENETTO WAY","VERO BEACH","FL","32967"
"09/13/2023","$326,959.20","95623RD AV","VERO BEACH","FL","32960"
"06/28/2023","$88,761.68","10900 GOODWIN ST","BONITA SPRINGS","FL","34135"
"06/28/2023","$184,892.19","4628 JANE AVE N","LEHIGH ACRES","FL","33971"
"06/28/2023","$208,168.96","18422 HUCKLEBERRY RD","FORT MYERS","FL","33967"
"07/05/2023","$135,970.99","428 SW 19TH AVE","CAPE CORAL","FL","33991"
"07/06/2023","$17,065.59","8930 COLONNADES CT E 616","BONITA SPRINGS","FL","34135"
"07/06/2023","$1,987.00","11159 LAKELAND CIR","FORT MYERS","FL","33913"
"07/12/2023","$531,509.14","5024 SW 9TH PL","CAPE CORAL","FL","33914"
"07/12/2023","$379,055.06","4622 SW 20TH AVE","CAPE CORAL","FL","33914"
"07/12/2023","$196,509.57","306 SHADOW LAKES DR","LEHIGH ACRES","FL","33974"
"07/12/2023","$152,675.75","209 NE 9TH CT","CAPE CORAL","FL","33909"
"07/12/2023","$10,815.83","1925 VELASCO ST","FORT MYERS","FL","33916"
"07/12/2023","$3,970.79","267 CAROLINA AVE","FORT MYERS BEACH","FL","33931"
"07/12/2023","$1,987.00","16590 GOLDENROD LN 103","ALVA","FL","33920"
"07/13/2023","$173,876.44","11330 LUANNE LN","FORT MYERS","FL","33908"
"07/13/2023","$9,957.85","2490 BROWNELL CT","NORTH FORT MYERS","FL","33917"
"07/14/2023","$292,791.43","521 SW 47TH TER 101","CAPE CORAL","FL","33914"
"07/14/2023","$289,207.94","19400 GOIN OUTBACK DR","ALVA","FL","33920"
"07/14/2023","$207,042.54","5745 FOXLAKE DR D","NORTH FORT MYERS","FL","33917"
"07/19/2023","$193,701.36","6400 ARAGON WAY 203","FORT MYERS","FL","33966"
"07/19/2023","$352,574.43","2925 SE 11TH AVE","CAPE CORAL","FL","33904"
"07/19/2023","$289,798.16","7011 NALLE GRADE RD","NORTH FORT MYERS","FL","33917"
"07/19/2023","$251,518.45","5611 CHELSEY LN 203","FORT MYERS","FL","33912"
"07/19/2023","$109,227.44","2212 NE 33RD LN","CAPE CORAL","FL","33909"
"07/19/2023","$134,682.77","4587 TENNYSON DR","NORTH FORT MYERS","FL","33903"
"07/19/2023","$250,050.78","1709 MOORE AVE","LEHIGH ACRES","FL","33972"
"07/19/2023","$26,047.22","26731 DUBLIN WOODS CIR","BONITA SPRINGS","FL","34135"
"07/20/2023","$157,069.36","8090 PACIFIC BEACH DR","FORT MYERS","FL","33966"
"07/20/2023","$301,170.72","1214 SW SANTA BARBARA PL","CAPE CORAL","FL","33991"
"07/20/2023","$236,270.59","1705 NE 7TH AVE","CAPE CORAL","FL","33909"
"07/20/2023","$238,140.22","4616 SKYLINE BLVD 104","CAPE CORAL","FL","33914"
"07/20/2023","$14,379.33","932 GRANT BLVD","LEHIGH ACRES","FL","33974"
"07/20/2023","$18,775.52","327 SW 21ST ST","CAPE CORAL","FL","33991"
"06/30/2023","$99,593.27","2097 JO ANNE LN","TALLAHASSEE","FL","32317"
"07/06/2023","$127,327.77","8872 MICCOSUKEE RD","TALLAHASSEE","FL","32308"
"07/06/2023","$125,480.54","16818 TALQUIN SPRINGS DR","TALLAHASSEE","FL","32310"
"07/06/2023","$138,613.52","1013 MUNSON LANDING RD","TALAHASSEE","FL","32305"
"07/06/2023","$158,642.74","4812 EASY ST","TALLAHASSEE","FL","32303"
"07/06/2023","$82,621.71","3700 WOOD HILL DR","TALLAHASSEE","FL","32303"
"07/10/2023","$137,955.62","9038 EAGLES RIDGE DR","TALLAHASSEE","FL","32312"
"07/12/2023","$170,297.58","9201 ROAD TO THE LAKE RD","TALLAHASSEE","FL","32317"
"07/17/2023","$109,716.49","6278 HUGH RD","TALLAHASSEE","FL","32309"
"07/20/2023","$129,979.03","2925 PONTIAC DR","TALLAHASSEE","FL","32301"
"07/27/2023","$73,978.98","3364 WHIPPOORWHIL","TALLAHASSEE","FL","32310"
"07/28/2023","$58,120.73","1032 COE LANDING RD","TALLAHASSEE","FL","32310"
"07/31/2023","$114,861.37","2228 KEITH ST","TALLAHASSEE","FL","32310"
"07/31/2023","$79,431.43","2719 LAKE PALM DR","TALLAHASSEE","FL","32310"
"07/31/2023","$67,232.33","5319 WATER VALLEY DR","TALLAHASSEE","FL","32303"
"08/02/2023","$20,202.52","5013 TILLIE LN","TALLAHASSEE","FL","32305"
"08/08/2023","$181,698.28","2307 JIM LEE RD","TALLAHASSEE","FL","32301"
"08/08/2023","$160,630.81","3158 HUTTERSFIELD CIR","TALLAHASSEE","FL","32303"
"08/09/2023","$156,914.29","1803 IVAN DR","TALLAHASSEE","FL","32303"
"08/09/2023","$65,967.89","2325 W PENSACOLA ST APT 114","TALLAHASSEE","FL","32304"
"08/10/2023","$263,584.55","5081 RED FO X RUN","TALLAHASSEE","FL","32303"
"08/15/2023","$152,519.16","3739 DONOVAN DR APT A","TALLAHASSEE","FL","32309"
"08/18/2023","$174,686.76","1920 HIDEAWAY CT","TALLAHASSEE","FL","32303"
"08/23/2023","$177,980.87","4130 MISSION RD","TALLAHASSEE","FL","32303"
"08/23/2023","$516,860.34","6047 PIMLICO CT","TALLAHASSEE","FL","32309"
"08/24/2023","$103,164.40","2418 PONTIAC DR","TALLAHASSEE","FL","32301"
"08/30/2023","$195,559.50","3723 CARACUS CT","TALLAHASSEE","FL","32303"
"09/06/2023","$163,970.83","2328 VIA SARDINIA ST","TALLAHASSEE","FL","32303"
"09/13/2023","$155,397.80","3691 WOOD HILL DR","TALLAHASSEE","FL","32303"
"09/13/2023","$44,644.60","1320 LEVY AVE","TALLAHASSEE","FL","32310"
"09/13/2023","$308,760.30","8194 ROBERTS RD","TALLAHASSEE","FL","32309"
"09/18/2023","$7,007.25","2945 TIPPERARY DR","TALLAHASSEE","FL","32309"
"06/28/2023","$330,862.74","5016 30TH STREET CT E","BRADENTON","FL","34203"
"07/05/2023","$222,961.31","2805 73RD STREET CT W","BRADENTON","FL","34209"
"07/05/2023","$357,507.55","6711 66TH AVE E","BRADENTON","FL","34203"
"07/06/2023","$37,914.00","7129 MELROSE PL","BRADENTON","FL","34203"
"07/11/2023","$535,584.35","2910 122ND TER E","PARRISH","FL","34219"
"07/11/2023","$2,251,866.11","6919 BELMONT CT","LAKEWOOD RANCH","FL","34202"
"07/11/2023","$55,764.95","1112 6TH ST W","BRADENTON","FL","34205"
"07/12/2023","$695,194.60","7724 US OPEN LOOP","LAKEWOOD RANCH","FL","34202"
"07/12/2023","$174,154.23","6710 36TH AVE E LOT 334","PALMETTO","FL","34221"
"07/12/2023","$295,057.52","5962 WILLOWS BRIDGE LOOP","ELLENTON","FL","34222"
"07/12/2023","$1,916.00","5904 28TH AVENUE DR E","BRADENTON","FL","34208"
"07/13/2023","$16,101.65","3127 57TH AVENUE CIR E","BRADENTON","FL","34203"
"07/18/2023","$151,320.75","6710 36TH AVE E LOT 132","PALMETTO","FL","34221"
"07/20/2023","$104,572.46","1415 10TH AVE E","PALMETTO","FL","34221"
"07/25/2023","$10,423.43","620 50TH AVE W","BRADENTON","FL","34207"
"07/26/2023","$221,952.85","1011 16TH ST W","PALMETTO","FL","34221"
"07/27/2023","$214,704.53","5406 33RD AVE E","PALMETTO","FL","34221"
"08/02/2023","$185,601.47","4514 & 4516 19TH STREET CIR W","BRADENTON","FL","34207"
"08/03/2023","$139,422.58","6119 HERITAGE LN","BRADENTON","FL","34209"
"08/08/2023","$143,664.82","7005 11TH AVE W","BRADENTON","FL","34209"
"08/09/2023","$200,858.26","2216 15TH AVE E","PALMETTO","FL","34221"
"08/15/2023","$270,636.56","311 62ND ST NW","BRADENTON","FL","34209"
"08/31/2023","$162,598.73","4398 SANDNER DR","SARASOTA","FL","34243"
"09/06/2023","$227,368.48","3303 63RD ST E","PALMETTO","FL","34221"
"09/06/2023","$136,165.68","5623 25TH ST W","BRADENTON","FL","34207"
"09/07/2023","$264,692.37","4712 MINEOLA ST","BRADENTON","FL","34207"
"09/12/2023","$159,539.87","6348 5TH STREET CIR E","BRADENTON","FL","34203"
"09/12/2023","$138,597.03","617 26TH AVE E","BRADENTON","FL","34208"
"09/12/2023","$222,619.20","4519 4TH AVE E","BRADENTON","FL","34208"
"09/20/2023","$176,787.26","810 WEE BURN ST","SARASOTA","FL","34243"
"06/26/2023","$83,062.73","1776 NE 17TH ST","OCALA","FL","34470"
"06/26/2023","$98,755.22","73SILVER LN","OCALA","FL","34472"
"06/27/2023","$604,837.30","3470 NE 92ND PL","ANTHONY","FL","32617"
"06/27/2023","$86,398.67","5341 NW 10TH ST","OCALA","FL","34482"
"06/28/2023","$222,217.39","7804 SE 123 LN","BELLEVIEW","FL","34420"
"06/29/2023","$13,073.20","9003 SE 120TH LOOP","SUMMERFIELD","FL","34491"
"06/29/2023","$158,599.71","9985 SE 67TH AVENUE RD","BELLEVIEW","FL","34420"
"06/29/2023","$103,585.71","19037 SW 51ST LN","DUNNELLON","FL","34432"
"07/05/2023","$147,362.70","5705 SW 129TH PLACE RD 10","OCALA","FL","34473"
"07/05/2023","$221,155.26","8717 SW 205TH CIR","DUNNELLON","FL","34431"
"07/05/2023","$102,632.01","519 SE 28TH AVE","OCALA","FL","34471"
"07/05/2023","$102,451.07","6965 NE 5TH ST","OCALA","FL","34470"
"07/06/2023","$293,552.71","9401 NE 25 AVE","ANTHONY","FL","32617"
"07/06/2023","$78,409.45","8702 SW 93 LN","OCALA","FL","34481"
"07/06/2023","$191,876.14","975 NW 66TH ST","OCALA","FL","34475"
"07/10/2023","$116,073.23","4731 SW 138TH LOOP","OCALA","FL","34473"
"07/10/2023","$294,531.13","2885 SE 36TH ST","OCALA","FL","34471"
"07/10/2023","$320,932.42","14480 SE 97TH TER","SUMMERFIELD","FL","34491"
"07/10/2023","$198,512.69","22HEMLOCK TER","OCALA","FL","34472"
"07/11/2023","$150,263.94","20JUNIPER PASS TRL","OCALA","FL","34480"
"07/11/2023","$199,302.25","11345 SE 188 AVE","OCKLAWAHA","FL","32179"
"07/11/2023","$84,500.51","5010 SE 148TH PL","SUMMERFIELD","FL","34491"
"07/12/2023","$111,642.30","17CEDAR TRACE TER","OCALA","FL","34472"
"07/12/2023","$173,167.32","17575 SE 96TH CT","SUMMERFIELD","FL","34491"
"07/12/2023","$209,050.22","205 SE 34TH PL","OCALA","FL","34471"
"07/12/2023","$324,594.78","13129 SW 35TH CIR","OCALA","FL","34473"
"07/13/2023","$128,275.15","77TEAK LOOP","OCALA","FL","34472"
"07/13/2023","$63,666.53","8649 SE 160TH PL","SUMMERFIELD","FL","34491"
"07/13/2023","$252,185.64","10672 SW 75TH TER","OCALA","FL","34476"
"07/13/2023","$72,391.27","19ALMOND WAY","OCALA","FL","34472"
"07/17/2023","$97,636.61","14141 SE 63RD AVE","SUMMERFIELD","FL","34491"
"07/17/2023","$211,462.94","341 SE 53RD CT","OCALA","FL","34480"
"07/17/2023","$254,468.00","10100 SW 186TH AVE","DUNNELLON","FL","34432"
"07/17/2023","$107,134.07","17486 SE 82ND PECAN TER","THE VILLAGES","FL","32162"
"07/18/2023","$286,190.85","5852 SW 116TH PLACE RD","OCALA","FL","34476"
"07/18/2023","$174,938.15","13424 SW 91ST PL","DUNNELLON","FL","34432"
"07/18/2023","$287,237.96","13819 SW 109TH LN","DUNNELLON","FL","34432"
"07/18/2023","$20,263.49","475 SE 62ND AVE","OCALA","FL","34472"
"07/19/2023","$203,904.09","5028 SW 104TH LOOP","OCALA","FL","34476"
"07/19/2023","$48,041.24","721 SW 78TH TER","OCALA","FL","34474"
"07/19/2023","$160,721.77","591BAHIA CIR","OCALA","FL","34472"
"07/20/2023","$214,212.05","4001 SW 116TH TER","OCALA","FL","34481"
"07/20/2023","$46,880.46","16445 NE 142ND CT","FORT MCCOY","FL","32134"
"07/20/2023","$151,283.21","7202 SE HWY 25A","BELLEVIEW","FL","34420"
"07/20/2023","$128,908.45","29JUNIPER PASS TRL","OCALA","FL","34480"
"07/24/2023","$237,168.79","1253 NE 35 ST","OCALA","FL","34479"
"07/24/2023","$100,906.78","272MARION OAKS MNR","OCALA","FL","34473"
"07/24/2023","$134,759.18","5870 NW 3RD ST","OCALA","FL","34482"
"07/25/2023","$98,193.68","120 NW 134TH AVE","OCALA","FL","34482"
"07/25/2023","$49,835.73","14550 SE 91ST AVE","SUMMERFIELD","FL","34491"
"07/31/2023","$55,023.31","9075 SW 102ND LN","OCALA","FL","34481"
"08/01/2023","$111,053.24","5137 SW 155TH LOOP","OCALA","FL","34473"
"08/03/2023","$27,843.39","10993 SW 83RD AVE","OCALA","FL","34481"
"08/08/2023","$140,659.49","3931 NE 15TH CT RD","OCALA","FL","34479"
"08/08/2023","$394,700.13","17251 SE 85TH WILLOWICK CIR","THE VILLAGES","FL","32162"
"08/15/2023","$181,311.78","17375 SE 76TH CORAPEAKE CT","THE VILLAGES","FL","32162"
"08/15/2023","$143,920.97","3817 SW 161ST LOOP","OCALA","FL","34473"
"08/22/2023","$193,332.33","15828 SW 16TH TER","OCALA","FL","34473"
"08/31/2023","$163,878.65","6160 SE 183RD AVENUE RD","OCKLAWAHA","FL","32179"
"09/05/2023","$59,087.74","1955 NW 3RD ST","OCALA","FL","34475"
"09/07/2023","$151,743.51","14520SE 73 AVE","SUMMERFIELD","FL","34491"
"09/12/2023","$133,522.57","11SILVER DR","OCALA","FL","34472"
"09/28/2023","$138,368.47","14274 SE 61ST AVE","SUMMERFIELD","FL","34491"
"07/06/2023","$547,032.12","5412 SE GRAHAM DR","STUART","FL","34997"
"07/06/2023","$216,967.08","14600 SW SONORA TER","INDIANTOWN","FL","34956"
"07/06/2023","$49,741.40","7556 SE WREN AVE","HOBE SOUND","FL","33455"
"07/18/2023","$328,531.82","1030 NE RIO PINE LN","JENSEN BEACH","FL","34957"
"06/26/2023","$441,038.82","11910 NE 10 AVE","BISCAYNE PARK","FL","33161"
"06/26/2023","$1,241,165.72","14064 SW 104 CT","MIAMI","FL","33176"
"06/26/2023","$304,835.25","2065 ALAMANDA DR","NORTH MIAMI","FL","33181"
"06/26/2023","$568,834.21","555 NE 15 ST 27-K","MIAMI","FL","33132"
"06/26/2023","$166,964.57","234 NW 84 ST 234","MIAMI","FL","33150"
"06/26/2023","$92,374.86","3255 NE 184 ST 12210","AVENTURA","FL","33160"
"06/26/2023","$478,350.01","12873 SW 64 LN","MIAMI","FL","33183"
"06/26/2023","$132,424.96","6913 SW 110 AVE","MIAMI","FL","33173"
"06/26/2023","$245,171.27","3321 NW 196 LN","MIAMI GARDENS","FL","33056"
"06/27/2023","$455,629.15","4320 SW 57 AVE","MIAMI","FL","33155"
"06/27/2023","$7,993.77","18021 BISCAYNE BLVD 401-2","AVENTURA","FL","33160"
"06/27/2023","$264,420.68","12239 SW 14 LN 3307","MIAMI","FL","33184"
"06/27/2023","$214,935.96","8265 SW 176 TER","PALMETTO BAY","FL","33157"
"06/27/2023","$65,200.14","2800 ISLAND BLVD 2804","AVENTURA","FL","33160"
"06/27/2023","$165,029.00","1715 NE 141 ST","NORTH MIAMI","FL","33181"
"06/28/2023","$437,579.95","18123 SW 154 AVE","MIAMI","FL","33187"
"06/28/2023","$377,883.58","2750 SW 142 CT","MIAMI","FL","33175"
"06/28/2023","$926,076.69","1501 SW 21 ST","MIAMI","FL","33145"
"06/28/2023","$1,882,816.08","78 NE 57 ST","MIAMI","FL","33137"
"07/03/2023","$418,124.60","17731 SW 152 CT","MIAMI","FL","33187"
"07/03/2023","$301,451.37","5470 W 8 LN","HIALEAH","FL","33012"
"07/03/2023","$92,858.33","14713 SW 117 AVE","MIAMI","FL","33186"
"07/03/2023","$286,087.35","2264 NW 136 TER","OPA-LOCKA","FL","33054"
"07/03/2023","$450,379.79","2775 NE 187 ST 501","AVENTURA","FL","33180"
"07/03/2023","$1,550,967.89","9785 SW 99 AVE","MIAMI","FL","33176"
"07/03/2023","$156,708.85","12517 NW 11 LN 106","MIAMI","FL","33182"
"07/03/2023","$63,746.16","3201 NW 80 ST","MIAMI","FL","33147"
"07/03/2023","$1,226,507.79","2664 SW 17 AVE","MIAMI","FL","33133"
"07/03/2023","$114,353.02","459 NW 84 ST 459","MIAMI","FL","33150"
"07/05/2023","$702,043.88","635 EUCLID AVE 112","MIAMI BEACH","FL","33139"
"07/05/2023","$208,447.95","6310 SW 79 ST 7","SOUTH MIAMI","FL","33143"
"07/05/2023","$108,467.31","9799 SW 138 AVE GC2L","MIAMI","FL","33186"
"07/05/2023","$343,897.67","199 NW 76 AVE","MIAMI","FL","33126"
"07/05/2023","$321,947.04","9400 HAITIAN DR","CUTLER BAY","FL","33189"
"07/05/2023","$231,757.73","2501 BRICKELL AVE 602","MIAMI","FL","33129"
"07/05/2023","$480,391.46","15965 SW 100 LN","MIAMI","FL","33196"
"07/10/2023","$450,952.55","3220 SW 18 ST","MIAMI","FL","33145"
"07/10/2023","$167,048.68","191 E 60 ST","HIALEAH","FL","33013"
"07/10/2023","$183,185.73","20900 N MIAMI AVE","MIAMI GARDENS","FL","33169"
"07/10/2023","$422,644.42","7435 W 14 CT","HIALEAH","FL","33014"
"07/10/2023","$833,768.71","10837 SW 228 TER","MIAMI","FL","33170"
"07/10/2023","$155,770.52","6095 W 18 AVE S-112","HIALEAH","FL","33012"
"07/10/2023","$54,014.27","280 W PARK DR 201-6","MIAMI","FL","33172"
"07/10/2023","$273,904.25","18015 NW 25 CT","MIAMI GARDENS","FL","33056"
"07/10/2023","$469,737.79","215 NW 136 CT","MIAMI","FL","33182"
"07/10/2023","$423,376.78","16110 SW 107 PL","MIAMI","FL","33157"
"07/11/2023","$556,730.87","816 NE 91 TER","MIAMI SHORES","FL","33138"
"07/11/2023","$13,250.54","156 NE 24 AVE","HOMESTEAD","FL","33033"
"07/11/2023","$404,729.37","4555 SW 2 ST","MIAMI","FL","33134"
"07/11/2023","$17,337.70","8520 SW 133 AVE 107","MIAMI","FL","33183"
"07/11/2023","$462,670.82","2000 ISLAND BLVD 508","AVENTURA","FL","33160"
"07/11/2023","$18,615.95","1300 S MIAMI AVE PH5110","MIAMI","FL","33130"
"07/11/2023","$53,962.77","10931 SW 71 ST","MIAMI","FL","33173"
"07/12/2023","$307,633.27","1774 NW 75 ST","MIAMI","FL","33147"
"07/12/2023","$114,105.74","525 SW 78 CT","MIAMI","FL","33144"
"07/12/2023","$359,812.43","12001 SW 191 TER","MIAMI","FL","33177"
"07/12/2023","$207,420.56","1011 NW 177 TER","MIAMI GARDENS","FL","33169"
"07/12/2023","$55,160.44","30905 SW 194 AVE","MIAMI","FL","33030"
"07/17/2023","$349,935.52","14134 SW 100 TER","MIAMI","FL","33186"
"07/17/2023","$993,010.89","15661 SW 29 TER","MIAMI","FL","33185"
"07/17/2023","$73,101.56","3010 NW 186 TER","MIAMI GARDENS","FL","33056"
"07/17/2023","$1,413,786.16","37260 SW 207 AVE","MIAMI","FL","33034"
"07/17/2023","$201,392.67","5200 NW 109 AVE 103","DORAL","FL","33178"
"07/17/2023","$298,788.13","6 NE 6 AVE","HIALEAH","FL","33010"
"07/17/2023","$479,544.05","12993 NW 11 TER","MIAMI","FL","33182"
"07/17/2023","$208,482.18","14116 SW 260 ST 106","MIAMI","FL","33032"
"07/17/2023","$717,042.71","950 BRICKELL BAY DR 4007","MIAMI","FL","33131"
"07/17/2023","$682,241.36","4555 NW 95 AVE","DORAL","FL","33178"
"07/18/2023","$1,328,474.94","6365 COLLINS AVE 2403","MIAMI BEACH","FL","33141"
"07/18/2023","$61,306.84","540 NW 52 ST","MIAMI","FL","33127"
"07/18/2023","$306,395.84","300 SE 37 TER","HOMESTEAD","FL","33033"
"07/19/2023","$605,123.50","7590 SW 127 DR","MIAMI","FL","33183"
"07/19/2023","$429,136.20","10900 SW 216 ST","MIAMI","FL","33170"
"07/19/2023","$267,661.28","120 NE 100 ST","MIAMI SHORES","FL","33138"
"07/19/2023","$39,234.36","2780 NE 183 ST 1003","AVENTURA","FL","33160"
"07/19/2023","$8,557.55","8450 NW 113 PSGE","DORAL","FL","33178"
"07/24/2023","$380,239.26","20100 SW 84 PL","CUTLER BAY","FL","33189"
"07/24/2023","$287,902.53","4231 SW 112 AVE","MIAMI","FL","33165"
"07/24/2023","$380,137.24","471 SE 6 ST","HIALEAH","FL","33010"
"07/24/2023","$331,733.04","4341 NW 167 TER","MIAMI GARDENS","FL","33055"
"07/24/2023","$335,794.80","2201 W 52 ST 102","HIALEAH","FL","33016"
"07/24/2023","$529,281.11","2944 NE 2 DR","HOMESTEAD``","FL","33033"
"07/24/2023","$503,891.91","375 W 37 ST","HIALEAH","FL","33012"
"07/24/2023","$498,527.40","702 E 37 ST","HIALEAH","FL","33013"
"07/24/2023","$268,766.59","12550 SW 264 ST","MIAMI","FL","33032"
"07/24/2023","$147,244.79","13911 SW 56 LN","MIAMI","FL","33183"
"07/25/2023","$290,452.88","15936 SW 112 PL","MIAMI","FL","33157"
"07/25/2023","$1,259,767.26","155 N SHORE DR 155-3","MIAMI BEACH","FL","33141"
"07/25/2023","$732,280.39","17201 COLLINS AVE 2807","SUNNY ISLES BEACH","FL","33160"
"07/25/2023","$592,567.30","6134 SW 25 ST","MIAMI","FL","33155"
"07/25/2023","$19,182.27","285 NE 191 ST 2901","MIAMI","FL","33179"
"07/26/2023","$330,287.92","17600 N BAY RD N908","SUNNY ISLES BEACH","FL","33160"
"07/26/2023","$223,654.20","210 FONTAINEBLEAU BLVD 309","MIAMI","FL","33172"
"07/26/2023","$1,030,995.52","7600 BAYSIDE LN","MIAMI BEACH","FL","33141"
"07/26/2023","$298,077.49","4710 NW 25 AVE","MIAMI","FL","33142"
"07/26/2023","$299,711.41","920 NW 201 ST","MIAMI GARDENS","FL","33169"
"07/26/2023","$223,915.37","16935 NW 18 AVE","MIAMI GARDENS","FL","33056"
"07/26/2023","$842,397.59","6100 SW 29 ST","MIAMI","FL","33155"
"07/26/2023","$55,094.68","7910 SW 12 ST","MIAMI","FL","33144"
"07/31/2023","$202,544.55","2085 NW 115 ST","MIAMI","FL","33167"
"07/31/2023","$470,041.51","7443 BIG CYPRESS DR","MIAMI LAKES","FL","33014"
"07/31/2023","$238,886.78","12485 NW 19 AVE","MIAMI","FL","33167"
"07/31/2023","$381,065.79","6945 SW 109 PL","MIAMI","FL","33173"
"07/31/2023","$36,397.88","6545 W 27 CT 24-47","HIALEAH","FL","33016"
"07/31/2023","$620,673.11","10334 SW 164 PL","MIAMI","FL","33196"
"07/31/2023","$282,274.02","6801 HARDING AVE 222","MIAMI BEACH","FL","33141"
"07/31/2023","$206,455.59","4430 NW 185 ST","MIAMI GARDENS","FL","33055"
"08/01/2023","$170,069.63","92 NE 187 ST","UNINCORPORATED COUNTY","FL","33179"
"08/01/2023","$163,272.79","7011 MIAMI LAKEWAY S","MIAMI LAKES","FL","33014"
"08/01/2023","$241,810.47","8900 SW 21 ST","MIAMI","FL","33165"
"08/01/2023","$549,172.84","970 SW 143 PL","MIAMI","FL","33184"
"08/01/2023","$279,847.51","10780 SW 146 TER","MIAMI","FL","33176"
"08/01/2023","$383,407.75","2801 NE 183 ST 317W","AVENTURA","FL","33160"
"08/01/2023","$369,190.47","10980 SW 225 TER","MIAMI","FL","33170"
"08/01/2023","$176,028.42","460 E 23 ST 120","HIALEAH","FL","33013"
"08/01/2023","$85,811.81","1500 BAY RD 982S","MIAMI BEACH","FL","33139"
"08/01/2023","$20,055.78","4015 N MERIDIAN AVE 6","MIAMI BEACH","FL","33140"
"08/02/2023","$741,523.13","19742 NW 88 AVE","MIAMI","FL","33018"
"08/02/2023","$67,498.03","1551 MERIDIAN AVE 102","MIAMI BEACH","FL","33139"
"08/02/2023","$9,010.79","770 CLAUGHTON ISLAND DR 907","MIAMI","FL","33131"
"08/07/2023","$812,584.38","10993 NW 72 TER","DORAL","FL","33178"
"08/07/2023","$365,353.35","8491 SW 201 ST","CUTLER BAY","FL","33189"
"08/07/2023","$593,131.74","3105 SW 124 CT","MIAMI","FL","33175"
"08/07/2023","$403,176.83","3175 NW 31 ST","MIAMI","FL","33142"
"08/07/2023","$197,127.02","1350 NW 171 ST","MIAMI GARDENS","FL","33169"
"08/07/2023","$46,691.68","8454 NW 4 AVE 8454","MIAMI``","FL","33150"
"08/07/2023","$257,617.06","11720 NW 5 AVE","MIAMI","FL","33168"
"08/08/2023","$279,109.56","1601 NE 160 ST","NORTH MIAMI BEACH","FL","33162"
"08/08/2023","$593,651.75","4660 W 8 PL","HIALEAH","FL","33012"
"08/08/2023","$35,447.43","1901 NW S RIVER DR 43-E","MIAMI","FL","33125"
"08/08/2023","$253,187.06","251 W PARK DR 10-201","MIAMI","FL","33172"
"08/08/2023","$169,551.49","4822 NW 107 PL","DORAL","FL","33178"
"08/08/2023","$556,265.57","9790 WAYNE AVE","PALMETTO BAY","FL","33157"
"08/09/2023","$914,168.63","7463 SW 188 TER","CUTLER BAY","FL","33157"
"08/09/2023","$467,527.41","1530 CLEVELAND RD","MIAMI BEACH","FL","33141"
"08/09/2023","$542,293.89","27550 SW 137 CT","MIAMI","FL","33032"
"08/09/2023","$256,174.86","280 W PARK DR 101-6","MIAMI","FL","33172"
"08/09/2023","$491,416.51","10709 SW 240 TER","MIAMI","FL","33032"
"08/09/2023","$153,759.38","16603 SW 99 PL","MIAMI","FL","33157"
"08/09/2023","$232,331.63","1360 NW 175 TER","MIAMI GARDENS","FL","33169"
"08/14/2023","$738,942.26","240 E 39 ST","HIALEAH","FL","33013"
"08/14/2023","$473,225.73","15774 SW 138 TER","MIAMI","FL","33196"
"08/14/2023","$227,977.17","263 NW 40 ST","MIAMI","FL","33127"
"08/14/2023","$719,064.46","11142 NW 78 ST","DORAL","FL","33178"
"08/14/2023","$281,513.75","1971 NW 180 ST","MIAMI GARDENS","FL","33056"
"08/14/2023","$309,478.82","1800 NE 114 ST 902","MIAMI","FL","33181"
"08/14/2023","$500,472.30","1427 NW 1 ST","MIAMI","FL","33125"
"08/15/2023","$400,837.44","4871 NW 192 ST","MIAMI","FL","33055"
"08/15/2023","$6,487.70","146 SE 34 TER","HOMESTEAD","FL","33033"
"08/16/2023","$299,025.57","10316 SW 20 ST","MIAMI","FL","33165"
"08/16/2023","$305,268.58","430 SW 34 AVE","MIAMI","FL","33135"
"08/16/2023","$286,168.08","10391 SW 4 ST","SWEETWATER","FL","33174"
"08/16/2023","$140,434.50","13564 SW 263 TER","MIAMI","FL","33032"
"08/21/2023","$526,582.59","6150 SW 16 ST","WEST MIAMI","FL","33155"
"08/21/2023","$4,069,304.05","3209 NE 169 ST","NORTH MIAMI BEACH","FL","33160"
"08/21/2023","$330,651.72","26900 SW 143 CT","MIAMI","FL","33032"
"08/21/2023","$487,764.87","11300 SW 179 ST","MIAMI","FL","33157"
"08/21/2023","$271,553.08","11609 SW 147 TER","MIAMI","FL","33176"
"08/21/2023","$376,790.78","885 NE 146 ST","NORTH MIAMI","FL","33161"
"08/21/2023","$408,127.77","8485 SW 147 ST","PALMETTO BAY","FL","33158"
"08/21/2023","$2,202,037.23","14950 SW 71 AVE","PALMETTO BAY","FL","33158"
"08/22/2023","$618,063.99","8101 SW 203 ST","CUTLER BAY","FL","33189"
"08/28/2023","$263,179.75","1865 NW 131 ST","MIAMI","FL","33167"
"08/28/2023","$1,755,675.98","16436 NE 32 AVE","NORTH MIAMI BEACH","FL","33160"
"08/28/2023","$267,454.74","15743 FAIRWAY HEIGHTS BLVD","MIAMI","FL","33157"
"08/28/2023","$254,889.80","10710 SW 149 ST","MIAMI","FL","33176"
"08/28/2023","$193,103.01","840 NE 199 ST 208B","MIAMI","FL","33179"
"08/28/2023","$366,960.84","320 SW 66 AVE","MIAMI","FL","33144"
"08/28/2023","$147,666.50","10405 SW 176 ST","MIAMI","FL","33157"
"08/29/2023","$84,935.12","2927 NW 60 ST","MIAMI","FL","33142"
"08/29/2023","$397,794.90","3352 W 92 PL","HIALEAH","FL","33018"
"08/29/2023","$193,480.61","1340 NW 133 ST","MIAMI","FL","33167"
"08/29/2023","$9,425.72","10101 W OKEECHOBEE RD 30-101","HIALEAH GARDENS","FL","33016"
"09/05/2023","$602,772.53","4800 SW 94 CT","MIAMI","FL","33165"
"09/05/2023","$1,339,070.34","750 FERNWOOD RD","KEY BISCAYNE","FL","33149"
"09/05/2023","$621,047.86","6101 SW 159 CT","MIAMI","FL","33193"
"09/05/2023","$277,065.36","5600 W 9 CT","HIALEAH","FL","33012"
"09/05/2023","$227,964.22","8936 W FLAGLER ST 213","MIAMI","FL","33174"
"09/05/2023","$441,605.19","3039 NW 51 TER","MIAMI","FL","33142"
"09/05/2023","$183,265.68","2950 NW 152 TER","MIAMI GARDENS","FL","33054"
"09/05/2023","$267,199.72","1901 NW 129 ST","MIAMI","FL","33167"
"09/05/2023","$4,654.70","20105 NW 28 CT","MIAMI GARDENS","FL","33056"
"09/06/2023","$777,423.44","13206 NW 10 LN","MIAMI","FL","33182"
"09/06/2023","$267,419.50","5426 NW 3 AVE","MIAMI","FL","33127"
"09/11/2023","$690,715.78","20230 HIGHLAND LAKES BLVD","MIAMI","FL","33179"
"09/11/2023","$746,059.63","14364 SW 159 TER","MIAMI","FL","33177"
"09/11/2023","$410,818.93","2331 NW FLAGLER TER","MIAMI","FL","33125"
"09/11/2023","$245,583.38","17311 NW 63 CT","MIAMI","FL","33015"
"09/11/2023","$215,076.72","5055 NW 7 ST 1107","MIAMI","FL","33126"
"09/11/2023","$320,763.29","19390 COLLINS AVE 1002","SUNNY ISLES BEACH","FL","33160"
"09/11/2023","$336,301.67","22569 SW 89 PL","CUTLER BAY","FL","33190"
"09/11/2023","$678,512.32","3170 NW 103 PL","DORAL","FL","33172"
"09/12/2023","$253,981.31","6302 NW 23 AVE","MIAMI","FL","33147"
"09/13/2023","$267,892.78","4824 NW 15 CT","MIAMI","FL","33142"
"09/18/2023","$1,507,597.26","13811 SW 34 ST","MIAMI","FL","33175"
"09/18/2023","$270,601.62","1750 W 46 ST 235","HIALEAH","FL","33012"
"09/19/2023","$203,463.40","14465 SW 290 TER","MIAMI","FL","33033"
"09/20/2023","$349,438.28","7205 NW 173 DR 605-6","MIAMI","FL","33015"
"09/20/2023","$584,114.08","1221 BIARRITZ DR","MIAMI BEACH","FL","33141"
"09/26/2023","$795,919.83","3400 SW 27 AVE 1805","MIAMI","FL","33133"
"09/27/2023","$321,899.32","442 NE 162 ST","MIAMI","FL","33162"
"07/13/2023","$201,205.59","3195 BARBARA LN","HILLIARD","FL","32046"
"07/13/2023","$198,648.24","55458 BARTRAM TR","CALLAHAN","FL","32011"
"07/20/2023","$502,728.39","96261 PINEY ISLAND DR","FERNANDINA BEACH","FL","32034"
"07/27/2023","$325,020.05","96325 GRANITE TR","YULEE","FL","32097"
"06/28/2023","$25,033.83","5331 FOX HOUND LN","BAKER","FL","32531"
"06/29/2023","$34,709.46","1912 OLD RIVER RD","BAKER","FL","32531"
"07/03/2023","$299,486.20","5151 EAGLE WAY","CRESTVIEW","FL","32539"
"07/03/2023","$326,122.33","3252 CHAPPELWOOD DR","CRESTVIEW","FL","32539"
"07/05/2023","$319,081.13","410 OAKLAND CIR","FT WALTON BEACH","FL","32548"
"07/05/2023","$97,745.16","117 DREWSON DR","CRESTVIEW","FL","32536"
"07/10/2023","$104,069.37","611 SANDALWOOD DR","DESTIN","FL","32541"
"07/10/2023","$79,628.91","2876 APLIN RD","CRESTVIEW","FL","32539"
"07/10/2023","$260,632.14","455 EISENHOWER DR","CRESTVIEW","FL","32539"
"07/14/2023","$161,439.36","123 PALMETTO AVE","MARY ESTHER","FL","32569"
"07/17/2023","$59,319.74","614 FAIRWAY AVE","FT WALTON BEACH","FL","32547"
"07/18/2023","$138,697.93","159 PATCH AVE","CRESTVIEW","FL","32539"
"08/04/2023","$90,711.63","18 CAPE DR","FT WALTON BEACH","FL","32548"
"08/10/2023","$225,916.47","5210 MOORE LOOP","CRESTVIEW","FL","32536"
"09/06/2023","$115,696.37","35 COMET ST","FT WALTON BEACH","FL","32548"
"06/28/2023","$191,618.35","500 NE 62 AVE","OKEECHOBEE","FL","34974"
"06/28/2023","$113,662.63","3639 SW 19 ST","OKEECHOBEE","FL","34974"
"07/12/2023","$93,951.30","1225 NE 16 AVE","OKEECHOBEE","FL","34972"
"07/19/2023","$303,413.25","645 NW 106 ST","OKEECHOBEE","FL","34972"
"06/26/2023","$426,254.36","142 OCEAN COVE DR","JUPITER","FL","33477"
"06/26/2023","$271,554.93","8196 QUAIL MEADOW WAY","WEST PALM BEACH","FL","33412"
"06/26/2023","$274,017.30","4770 FOUNTAINS DR S 404","LAKE WORTH","FL","33467"
"06/26/2023","$8,709.13","132 BANDOL ST","RIVIERA BEACH","FL","33404"
"06/26/2023","$175,094.46","6104 SEVEN SPRINGS BLVD","GREENACRES","FL","33463"
"06/28/2023","$9,604.91","225 BONNIE BLVD 103","PALM SPRINGS","FL","33461"
"06/29/2023","$185,696.23","975 SUMMIT LAKE DR","WEST PALM BEACH","FL","33406"
"06/29/2023","$103,155.78","3344 ARTESIAN DR","LAKE WORTH","FL","33462"
"07/03/2023","$584,399.86","14575 ORANGE BLVD","LOXAHATCHEE","FL","33470"
"07/03/2023","$155,581.25","10187 MANGROVE DR 201","BOYNTON BEACH","FL","33437"
"07/03/2023","$57,585.49","3 AMHERST CT C","ROYAL PALM BEACH","FL","33411"
"07/05/2023","$490,338.80","4812 SQUARE LAKE DR","PALM BEACH GARDENS","FL","33418"
"07/05/2023","$583,601.66","260 NE 3RD ST UNIT 4-E","DELRAY BEACH","FL","33444"
"07/05/2023","$397,574.31","14334 77TH PL N","LOXAHATCHEE","FL","33470"
"07/05/2023","$220,343.39","201 S F ST","LAKE WORTH","FL","33460"
"07/05/2023","$40,174.38","550 OKEECHOBEE BLVD UNIT UPH-1","WEST PALM BEACH","FL","33401"
"07/05/2023","$28,883.35","550 OKEECHOBEE BLVD UNIT LPH-1","WEST PALM BEACH","FL","33401"
"07/05/2023","$22,874.09","550 OKEECHOBEE BLVD UNIT LPH-1","WEST PALM BEACH","FL","33401"
"07/05/2023","$380,967.84","11890 68TH ST N","WEST PALM BEACH","FL","33412"
"07/05/2023","$201,924.41","3478 ARTESIAN DR","LAKE WORTH","FL","33462"
"07/05/2023","$58,392.43","19235 SABAL LAKE DR","BOCA RATON","FL","33434"
"07/06/2023","$289,942.22","4318 CRESTDALE ST","PALM BEACH GARDENS","FL","33410"
"07/06/2023","$150,894.67","8800 PLACID TER","LAKE WORTH","FL","33467"
"07/10/2023","$191,425.64","606 SE 3RD AVE","DELRAY BEACH","FL","33483"
"07/10/2023","$185,058.51","526 SHADY PINE WAY D-1","GREENACRES","FL","33415"
"07/10/2023","$791,722.27","9273 NUGENT TRL","WEST PALM BEACH","FL","33411"
"07/10/2023","$386,185.82","11582 BALLYLEE TER","BOYNTON BEACH","FL","33437"
"07/10/2023","$164,192.08","5576 MANGO RD","WEST PALM BEACH","FL","33413"
"07/10/2023","$371,107.05","12970 53RD RD N","WEST PALM BEACH","FL","33411"
"07/10/2023","$323,787.97","2652 YARMOUTH DR","WELLINGTON","FL","33414"
"07/10/2023","$425,450.40","21417 SUMMERTRACE CIR","BOCA RATON","FL","33428"
"07/10/2023","$196,472.86","4253 S LANDAR DR","LAKE WORTH","FL","33463"
"07/10/2023","$237,071.83","120 S ATLANTIC DR W","BOYNTON BEACH","FL","33435"
"07/11/2023","$89,969.83","5410 PRIVET PL # A","DELRAY BEACH","FL","33484"
"07/11/2023","$3,025.35","250 NW 20TH CT","BOYNTON BEACH","FL","33435"
"07/11/2023","$5,491.06","12 MEADOWS PARK LN","BOYNTON BEACH","FL","33436"
"07/12/2023","$84,742.12","4921 CLINTON BLVD","LAKE WORTH","FL","33463"
"07/12/2023","$501,294.37","2851 S OCEAN BLVD 6V","BOCA RATON","FL","33432"
"07/12/2023","$40,401.51","800 JEFFERY ST 203","BOCA RATON","FL","33487"
"07/12/2023","$172,520.99","2196 WHITE PINE CIR C","GREENACRES","FL","33415"
"07/12/2023","$24,548.55","19354 SKYRIDGE CIR","BOCA RATON","FL","33498"
"07/13/2023","$382,889.61","1161 SW 14TH ST","BOCA RATON","FL","33486"
"07/13/2023","$86,753.69","1910 AVENUE G","RIVIERA BEACH","FL","33404"
"07/13/2023","$232,790.85","1500 AVENUE F","RIVIERA BEACH","FL","33404"
"07/17/2023","$774,571.69","22281 RUSHMORE PL","BOCA RATON","FL","33428"
"07/17/2023","$194,042.13","2303 SW 20TH WAY","BOYNTON BEACH","FL","33426"
"07/17/2023","$36,815.05","2616 EMORY DR E J","WEST PALM BEACH","FL","33415"
"07/17/2023","$190,302.40","4954 MARBELLA RD N","WEST PALM BEACH","FL","33417"
"07/17/2023","$0.00","1502 HIGHLAND LN","DELRAY BEACH","FL","33444"
"07/17/2023","$136,187.68","7201 HEARTH STONE AVE","BOYNTON BEACH","FL","33472"
"07/18/2023","$260,149.48","232 BILBAO ST","ROYAL PALM BEACH","FL","33411"
"07/18/2023","$26,246.57","3959 VIA POINCIANA 102","LAKE WORTH","FL","33467"
"07/19/2023","$734,581.87","6381 WILLOUGHBY CIR","LAKE WORTH","FL","33463"
"07/19/2023","$1,746,395.74","2819 PILLSBURY WAY","WELLINGTON","FL","33414"
"07/19/2023","$10,201.42","154 VILLAGE BLVD D","TEQUESTA","FL","33469"
"07/19/2023","$14,058.05","945 NORMANDY T","DELRAY BEACH","FL","33484"
"07/20/2023","$164,315.85","6845 WILLOW WOOD DR 3051","BOCA RATON","FL","33434"
"07/24/2023","$1,062,092.84","10790 HAYDEN DRIVE","BOCA RATON","FL","33498"
"07/24/2023","$720,090.20","210 REDONDO WAY","WELLINGTON","FL","33414"
"07/24/2023","$24,518.45","9816 ARBOR VIEW DR S","BOYNTON BEACH","FL","33437"
"07/24/2023","$81,709.80","556 SW 10TH ST","BELLE GLADE","FL","33430"
"07/24/2023","$61,696.86","20249 BOCA WEST DR 2603","BOCA RATON","FL","33434"
"07/24/2023","$188,612.08","3032 GLENWOOD RD","WEST PALM BEACH","FL","33405"
"07/24/2023","$433,073.03","8444 LINDEN WAY","LAKE WORTH","FL","33467"
"07/24/2023","$48,118.98","8216 AMBACH WAY","HYPOLUXO","FL","33462"
"07/25/2023","$81,928.28","5140 NESTING WAY B","DELRAY BEACH","FL","33484"
"07/26/2023","$460,611.44","16394 E CORNWALL DR","LOXAHATCHEE","FL","33470"
"07/26/2023","$260,455.23","814 44TH ST","WEST PALM BEACH","FL","33407"
"07/27/2023","$443,208.19","5427 BLUEBERRY HILL AVE","LAKE WORTH","FL","33463"
"07/27/2023","$141,662.20","14744 71ST PL N","LOXAHATCHEE","FL","33470"
"07/27/2023","$550,653.69","1617 NW 2ND AVE","DELRAY BEACH","FL","33444"
"07/28/2023","$422,436.48","10419 PEARWOOD PL","BOYNTON BEACH","FL","33437"
"07/31/2023","$590,128.29","142 LANCASTER RD","BOYNTON BEACH","FL","33426"
"07/31/2023","$106,408.57","12144 66TH ST N","WEST PALM BEACH","FL","33412"
"07/31/2023","$433,820.81","22380 WATERSIDE DR","BOCA RATON","FL","33428"
"07/31/2023","$18,063.95","10751 LA REINA RD","DELRAY BEACH","FL","33446"
"08/02/2023","$10,841.76","2639 EMORY DR W E","WEST PALM BEACH","FL","33415"
"08/03/2023","$341,313.92","1486 WOODCREST RD N","WEST PALM BEACH","FL","33417"
"08/03/2023","$650,182.70","6491 PARK LN W","LAKE WORTH","FL","33449"
"08/07/2023","$1,312,866.72","860 SW 22ND ST","BOCA RATON","FL","33486"
"08/07/2023","$208,874.28","1522 ROYAL FOREST CT","WEST PALM BEACH","FL","33406"
"08/07/2023","$166,392.13","1064 W 26TH CT","RIVIERA BEACH","FL","33404"
"08/07/2023","$118,409.97","373 PIEDMONT H","DELREY BEACH","FL","33484"
"08/07/2023","$143,764.60","2811 ASHLEY DR E","WEST PALM BEACH","FL","33415"
"08/07/2023","$182,101.05","5146 51ST WAY","WEST PALM BEACH","FL","33409"
"08/07/2023","$182,186.27","14241 79TH CT N","LOXAHATCHEE","FL","33470"
"08/07/2023","$271,836.28","248 GREENBRIER DR","LAKE WORTH","FL","33461"
"08/09/2023","$4,512.48","5385 FOX VALLEY TRL","LAKE WORTH","FL","33463"
"08/09/2023","$6,463.49","825 CENTER ST 22A","JUPITER","FL","33458"
"08/10/2023","$479,986.76","337 PINEHURST RD","PALM SPRINGS","FL","33461"
"08/10/2023","$246,278.46","730 N F STREET","LAKE WORTH","FL","33460"
"08/10/2023","$326,349.20","427 MADDOCK ST","WEST PALM BEACH","FL","33405"
"08/10/2023","$227,163.77","2425 PRESIDENTIAL WAY 704","WEST PALM BEACH","FL","33401"
"08/14/2023","$171,476.19","5794 DEWBERRY WAY","WEST PALM BEACH","FL","33415"
"08/14/2023","$265,656.67","1643 44TH ST","WEST PALM BEACH","FL","33407"
"08/14/2023","$30,244.85","5029 ALFRED DR","WEST PALM BEACH","FL","33417"
"08/14/2023","$353,939.54","178 JONES CREEK DR","JUPITER","FL","33458"
"08/14/2023","$89,166.44","7182 HYATT AVE","LANTANA","FL","33462"
"08/14/2023","$40,171.34","6100 FOREST HILL BLVD 204","WEST PALM BEACH","FL","33415"
"08/16/2023","$273,365.61","122 SE 27TH PL","BOYNTON BEACH","FL","33435"
"08/16/2023","$369,885.23","10429 CANOE BROOK CIR","BOCA RATON","FL","33498"
"08/21/2023","$717,361.16","6368 SHADOW CREEK VILLAGE CIR","LAKE WORTH","FL","33463"
"08/21/2023","$517,851.15","1501 RUNNING OAK LN","ROYAL PALM BEACH","FL","33411"
"08/21/2023","$257,763.75","15715 101ST TRL N","JUPITER","FL","33478"
"08/21/2023","$9,845.68","6409 ADRIATIC WAY","WEST PALM BEACH","FL","33413"
"08/21/2023","$7,713.35","7657 SIERRA TER W","BOCA RATON","FL","33433"
"08/22/2023","$1,023,893.51","9341 GLIDDEN CT","WELLINGTON","FL","33414"
"08/22/2023","$648,752.27","3686 TORRES CIR","WEST PALM BEACH","FL","33409"
"08/22/2023","$14,341.51","8525 PINE CAY","WEST PALM BEACH","FL","33411"
"08/22/2023","$487,169.41","2437 FAWN DR","LOXAHATCHEE","FL","33470"
"08/24/2023","$350,640.31","1420 HILLCREST DR","LAKE WORTH","FL","33461"
"08/28/2023","$349,274.16","11845 171ST LN N","JUPITER","FL","33478"
"08/28/2023","$538,958.53","6139 VIA VENETIA S","DELRAY BEACH","FL","33484"
"08/31/2023","$347,316.25","1329 SUNRISE","WEST PALM BEACH","FL","33406"
"09/05/2023","$228,877.80","5828 STRAWBERRY LAKES CIR","LAKE WORTH","FL","33463"
"09/05/2023","$210,808.38","4389 LAKEWOOD RD","LAKE WORTH","FL","33461"
"09/05/2023","$157,080.72","5023 SOCIETY PL E UNIT H","WEST PALM BEACH","FL","33415"
"09/05/2023","$252,574.97","8165 CANTABRIA FALLS DR","BOYNTON BEACH","FL","33473"
"09/07/2023","$160,610.11","2281 AVENUE H E","RIVIERA BEACH","FL","33404"
"09/07/2023","$446,440.73","701 S OLIVE AVE 621","WEST PALM BEACH","FL","33401"
"09/11/2023","$361,386.72","1003 SPRINGDALE CIR","PALM SPRINGS","FL","33461"
"09/11/2023","$622,638.62","4403 NW 2ND AVE","BOCA RATON","FL","33431"
"09/11/2023","$443,117.73","404 WOODVIEW CIR","PALM BEACH GARDENS","FL","33418"
"09/11/2023","$43,362.22","4263 SUSSEX AVE","LAKE WORTH","FL","33461"
"09/12/2023","$11,988.86","5828 STRAWBERRY LAKES CIR","LAKE WORTH","FL","33463"
"09/14/2023","$509,634.85","6424 96TH PL S","BOYNTON BEACH","FL","33437"
"09/21/2023","$1,191,544.76","8921 STARHAVEN CV","BOYNTON BEACH","FL","33473"
"09/21/2023","$219,793.85","14130 NESTING WAY C","DELRAY BEACH","FL","33484"
"09/21/2023","$65,118.85","10766 VERSAILLES BLVD","WELLINGTON","FL","33449"
"09/21/2023","$181,786.73","5936 CORSON PL","LAKE WORTH","FL","33463"
"09/26/2023","$417,869.27","9 WINDSOR LN","BOYNTON BEACH","FL","33436"
"09/28/2023","$575,981.20","15164 71ST PL N","LOXAHATCHEE","FL","33470"
"06/26/2023","$181,585.08","7601 SPIREA DRIVE","PORT RICHEY","FL","34668"
"06/26/2023","$163,038.40","36344 TEAKWOOD AVE","ZEPHYRHILLS","FL","33541"
"06/27/2023","$180,964.80","6903 TIERRA LINDA STREET","PORT RICHEY","FL","34668"
"06/27/2023","$64,019.57","36929 BLANTON ROAD","DADE CITY","FL","33523"
"06/29/2023","$795,366.61","23708 HASTINGS WAY","LAND O LAKES","FL","34639"
"06/29/2023","$9,363.27","8131 BUGLE COURT UNIT 1","PORT RICHEY","FL","34668"
"07/05/2023","$143,163.46","6151 WYOMING AVE","NEW PORT RICHEY","FL","34653"
"07/05/2023","$374,792.31","3336 CARDINAL FEATHER DR","LAND O LAKES","FL","34638"
"07/05/2023","$85,796.67","6401 DREXEL DR UNIT G4","PORT RICHEY","FL","34668"
"07/05/2023","$365,239.48","30899 SUMMER SUN LOOP","WESLEY CHAPEL","FL","33545"
"07/06/2023","$146,973.08","15431 NADA COURT","SPRING HILL","34610","3966"
"07/06/2023","$276,405.02","18877 CORNUTA STREET","LUTZ","FL","33558"
"07/10/2023","$268,329.02","31420 SADDLE LANE","WESLEY CHAPEL","FL","33543"
"07/10/2023","$187,107.17","37544 AARALYN RD","ZEPHYRHILLS","33542","3208"
"07/10/2023","$161,832.54","7537 JASMINE BLVD","PORT RICHEY","FL","34668"
"07/10/2023","$34,362.54","4958 FRUITWOOD LOOP","HOLIDAY","FL","34690"
"07/12/2023","$151,572.05","20845 EUSTIS ROAD","LAND O LAKES","FL","34637"
"07/17/2023","$181,806.38","5550 BAROQUE DR","HOLIDAY","FL","34690"
"07/17/2023","$62,296.96","11121 CALUMET DR","NEW PORT RICHEY","FL","34654"
"07/18/2023","$201,682.73","7740 BIRCHWOOD DRIVE","PORT RICHEY","FL","34668"
"07/18/2023","$159,492.95","7036 MAIDSTONE CT","NEW PORT RICHEY","FL","34653"
"07/24/2023","$139,366.88","4011 GRAYTON DRIVE","NEW PORT RICHEY","FL","34652"
"07/24/2023","$51,735.38","6841 SEA RANCH DRIVE","HUDSON","FL","34667"
"07/25/2023","$130,987.28","5114 AVERY ROAD","NEW PORT RICHEY","FL","34652"
"07/27/2023","$321,317.28","1329 GALLBERRY CT","TRINITY","FL","34655"
"07/31/2023","$193,187.45","12107 MEADOWBROOK LN","HUDSON","FL","34667"
"08/01/2023","$107,217.61","37307 MOCERI AVENUE","DADE CITY","FL","33523"
"08/01/2023","$156,512.36","37732 SILVER PINES AVE","ZEPHYRHILLS","FL","33542"
"08/07/2023","$292,097.69","8535 23RD STREET","ZEPHYRHILLS","FL","33540"
"08/07/2023","$6,979.53","9321 WELLSTONE DRIVE","LAND O LAKES","FL","34638"
"08/07/2023","$7,397.55","25731 SANTOS WAY","WESLEY CHAPEL","FL","33544"
"08/07/2023","$224,810.41","10152 MOSHIE LN","SAN ANTONIO","FL","33576"
"08/07/2023","$6,512.26","3188 NUBBIN RIDGE LANE","ZEPHYRHILLS","FL","33540"
"08/16/2023","$79,927.57","3048 BRIGHT DR","HOLIDAY","FL","34691"
"09/07/2023","$303,163.39","4630 CHAMBER COURT","NEW PORT RICHEY","FL","34652"
"06/27/2023","$137,366.64","3926 INDIANAPOLIS ST NE","ST PETERSBURG","FL","33703"
"06/27/2023","$261,731.72","2747 ADRIAN AVE","LARGO","FL","33774"
"06/27/2023","$880,840.51","6140 94TH AVE","PINELLAS PARK","FL","33782"
"06/27/2023","$331,953.86","1207 WHISPER DR","LARGO","FL","33770"
"06/27/2023","$99,013.79","4800 BRITTANY DR S # 102","ST PETERSBURG","FL","33715"
"06/27/2023","$47,164.32","236 LIME CIR N","DUNEDIN","FL","34698"
"06/28/2023","$297,970.38","2272 BIRCHBARK TRL","CLEARWATER","FL","33763"
"06/28/2023","$36,546.62","414 26TH ST S","ST PETERSBURG","FL","33712"
"06/28/2023","$258,815.64","2801 CANDLEWOOD ST","CLEARWATER","FL","33759"
"06/29/2023","$21,750.77","130 4TH AVENUE N # 303","ST PETERSBURG","FL","33701"
"06/29/2023","$16,506.39","300 WOODETTE DR # 203","DUNEDIN","FL","34698"
"07/05/2023","$327,560.53","2883 PHEASANT DR","DUNEDIN","FL","34683"
"07/06/2023","$892,937.63","2400 SOUTH SHORE DRIVE SE","SAINT PETERSBURG","FL","33705"
"07/06/2023","$273,588.61","8361 CANDLEWOOD RD","SEMINOLE","FL","33777"
"07/06/2023","$112,026.58","5971 TERRACE PARK DR N # 302","ST PETERSBURG","FL","33709"
"07/06/2023","$40,770.35","3725 31ST AVE N","ST PETERSBURG","FL","33713"
"07/06/2023","$99,440.54","2400 WINDING CREEK BLVD # 18B-","CLEARWATER","FL","33761"
"07/10/2023","$14,884.45","13222 3RD ST E","MADEIRA BEACH","FL","33708"
"07/11/2023","$459,032.77","1169 2ND AVE NE","LARGO","FL","33770"
"07/11/2023","$231,118.78","2269 RICHTER ST","DUNEDIN","FL","34698"
"07/11/2023","$263,500.13","209 S JUPITER AVE","CLEARWATER","FL","33755"
"07/12/2023","$185,476.08","4018 BLUEFISH DR SE","ST PETERSBURG","FL","33705"
"07/12/2023","$1,770,548.50","11120 5TH ST E","TREASURE ISLAND","FL","33706"
"07/12/2023","$118,218.21","6441 28TH ST N","ST PETERSBURG","FL","33702"
"07/12/2023","$195,134.22","11357 116TH AVE","SEMINOLE","FL","33778"
"07/12/2023","$166,140.42","1733 CARLISLE STREET","CLEARWATER","FL","33755"
"07/12/2023","$169,443.41","1551 31ST ST S","ST PETERSBURG","FL","33712"
"07/12/2023","$139,521.42","900 54TH AVE S","ST PETERSBURG","FL","33705"
"07/12/2023","$147,746.62","601 N HERCULES AVE # 1206","CLEARWATER","FL","33765"
"07/13/2023","$156,787.08","1549 15TH ST S","ST PETERSBURG","FL","33705"
"07/13/2023","$126,229.33","1351 29TH ST","ST PETERSBURG","FL","33712"
"07/13/2023","$185,659.99","2300 23RD ST S","ST PETERSBURG","FL","33712"
"07/13/2023","$103,505.28","664 4TH ST SW","LARGO","FL","33770"
"07/13/2023","$49,265.16","627 KEENE RD","CLEARWATER","FL","33755"
"07/13/2023","$275,985.39","6920 71ST AVE N","PINELLAS PARK","FL","33781"
"07/13/2023","$122,062.84","1119 NEWTON AVE S","ST PETERSBURG","FL","33705"
"07/13/2023","$402,075.58","1854 76TH AVE N","ST PETERSBURG","FL","33702"
"07/13/2023","$106,304.00","1425 GULF TO BAY BLVD","CLEARWATER","FL","33755"
"07/18/2023","$181,429.63","6093 106TH AVE NORTH","PINELLAS PARK","FL","33782"
"07/18/2023","$88,905.05","1931 VALENCIA WAY","LARGO","FL","33764"
"07/19/2023","$86,163.12","4536 1ST AVE N","ST PETERSBURG","FL","33713"
"07/19/2023","$141,943.44","13250 RIDGE RD # 9-1","LARGO","FL","33778"
"07/20/2023","$8,466.04","1799 N HIGHLAND AVE # 165","CLEARWATER","FL","33755"
"07/26/2023","$184,614.75","5233 72ND WAY","SAINT PETERSBURG","FL","33709"
"07/26/2023","$420,010.84","2560 4TH AVE S","SAINT PETERSBURG","FL","33712"
"07/27/2023","$490,093.99","1480 GULF BLVD # 905","CLEARWATER","FL","33767"
"08/01/2023","$128,674.25","6973 62ND AVE N","PINNELLAS PARK","FL","33781"
"08/03/2023","$266,473.50","1572 LONG ST","CLEARWATER","FL","33755"
"08/08/2023","$99,901.10","5251 98TH AVE","PINELLAS PARK","FL","33782"
"08/08/2023","$191,922.74","8785 58TH LN","PINELLAS PARK","FL","33782"
"08/08/2023","$374,471.09","432 E ORANGE ST","TARPON SPRINGS","FL","34689"
"08/08/2023","$214,734.59","419 64TH AVE S","ST PETERSBURG","FL","33705"
"08/08/2023","$237,074.84","2290 ABBEY LN # C","PALM HARBOR","FL","34683"
"08/09/2023","$224,296.58","1732 LAKEVIEW RD","CLEARWATER","FL","33756"
"08/15/2023","$105,736.80","1758 12TH AVE N","ST PETERSBURG","FL","33713"
"08/16/2023","$267,284.31","9372 87TH TER N","SEMINOLE","FL","33777"
"08/16/2023","$260,655.16","205 HEMINGWAY DR","OLDSMAR","FL","34677"
"08/16/2023","$214,526.96","2318 13TH AVE SW","LARGO","FL","33770"
"08/16/2023","$110,627.65","11764 127TH AVE","SEMINOLE","FL","33778"
"08/16/2023","$173,695.89","3735 41ST AVE N","ST PETERSBURG","FL","33714"
"08/16/2023","$98,557.24","2610 24TH AVE N","ST PETERSBURG","FL","33713"
"08/16/2023","$112,679.80","1750 TEMPLE TER S","ST PETERSBURG","FL","33711"
"08/23/2023","$24,647.51","2346 4TH ST S","ST PETERSBURG","FL","33705"
"08/23/2023","$267,274.22","7301 US HIGHWAY 19 N","PINELLAS PARK","FL","33781"
"08/30/2023","$176,413.40","3918 10TH AVE N","ST PETERSBURG","FL","33713"
"08/31/2023","$146,861.54","340 SOCRATES DR","DUNEDIN","FL","34698"
"08/31/2023","$285,314.00","204 PENNSYLVANIA AVE","CLEARWATER","FL","33755"
"08/31/2023","$44,644.04","3127 WINCHESTER DR","DUNEDIN","FL","34698"
"09/06/2023","$8,277.13","2530 COUNTRYSIDE PINES DR","CLEARWATER","FL","33761"
"09/07/2023","$18,999.48","3680 42ND WAY S # H","ST PETERSBURG","FL","33711"
"09/27/2023","$184,807.42","2401 18TH ST S","ST PETERSBURG","FL","33712"
"06/26/2023","$141,061.34","1005 2ND ST NE","MULBERRY","FL","33860"
"06/26/2023","$307,546.54","2313 CASPIAN DR","LAKELAND","FL","33805"
"06/26/2023","$256,125.40","4509 HWY 542 E","LAKELAND","FL","33801"
"06/26/2023","$12,152.75","LINCOLN CT","AUBURNDALE","FL","33823"
"06/26/2023","$226,878.59","138 ELAINE DR","AUBURNDALE","FL","33823"
"06/26/2023","$5,584.91","4129 WOODRIDGE DR","POLK CITY","FL","33868"
"06/27/2023","$175,718.80","201 VALENCIA DR","AUBURNDALE","FL","33823"
"06/28/2023","$135,429.36","254 OLEANDER RD","LAKE WALES","FL","33898"
"07/03/2023","$172,021.79","105 KING HENRY CT","DAVENPORT","FL","33837"
"07/03/2023","$174,146.41","2525 CRESAP ST","LAKELAND","FL","33815"
"07/05/2023","$166,106.15","2311 CHRISTY LN","LAKELAND","FL","33801"
"07/05/2023","$362,032.40","308 WHIRLAWAY DR","DAVENPORT","FL","33837"
"07/05/2023","$275,118.03","3395 IMPERIAL MANOR WAY","MULBERRY","FL","33860"
"07/05/2023","$11,410.96","4299 MOON SHADOW LOOP","MULBERRY","FL","33860"
"07/05/2023","$6,943.58","648 CHESHIRE WAY","DAVENPORT","FL","33837"
"07/05/2023","$3,679.60","233 BARRINGTON DR","HAINES CITY","FL","33844"
"07/05/2023","$5,297.93","4720 WILDFLOWER DR","LAKELAND","FL","33811"
"07/11/2023","$56,555.51","4174 HOMESTEAD DR","LAKELAND","FL","33810"
"07/11/2023","$112,305.94","LOT 86 WATER RIDGED","LAKE ALFRE","FL","33850"
"07/11/2023","$229,150.33","131 FALL GLO RD","WINTER HAVEN","FL","33880"
"07/11/2023","$2,776.46","127 BRIDGEWATER DR","DAVENPORT","FL","33897"
"07/11/2023","$130,516.52","1818 6TH ST SE","WINTER HAVEN","FL","33880"
"07/11/2023","$94,535.49","412 MERIDIAN ST","DAVENPORT","FL","33837"
"07/11/2023","$5,167.33","5799 DORNICH DR","AUBURNDALE","FL","33823"
"07/12/2023","$402,416.62","1207 CANAL ST E","MULBERRY","FL","33860"
"07/13/2023","$7,533.29","3001 SANDERLING ST","HAINES CITY","FL","33844"
"07/13/2023","$211,463.41","148 PRIMROSE DR","DAVENPORT","FL","33837"
"07/14/2023","$34,762.40","44100 HWY 54","KATHLEEN","FL","33849"
"07/17/2023","$270,882.22","228 WHISPERING PINES WAY","DAVENPORT","FL","33837"
"07/17/2023","$178,335.87","3636 MADBURY CIR","LAKELAND","FL","33810"
"07/17/2023","$157,019.62","6374 TORRINGTON CIR","LAKELAND","FL","33811"
"07/17/2023","$218,902.64","153 FLORIDA JAY LN","FROSTPROOF","FL","33843"
"07/17/2023","$247,149.22","941 N HERON CIR","WINTER HAVEN","FL","33884"
"07/18/2023","$406,625.36","199 DINNER LAKE LOOP","LAKE WALES","FL","33853"
"07/19/2023","$514,948.78","528 ORANGE COSMOS BLVD","DAVENPORT","FL","33837"
"07/19/2023","$172,634.51","1355 CONGO DR","KISSIMMEE","FL","34759"
"07/19/2023","$99,702.14","2326 DUFF RD","LAKELAND","FL","33810"
"07/19/2023","$326,802.38","232 WILLIAMSON DR","DAVENPORT","FL","33897"
"07/20/2023","$53,888.82","1153 LAKE LOWERY RD","HAINES CITY","FL","33844"
"07/20/2023","$160,530.96","1705 SANDLEWOOD CIR SW","WINTER HAVEN","FL","33880"
"07/21/2023","$212,553.08","22 CEDAR DR","DAVENPORT","FL","33837"
"07/21/2023","$220,025.80","1160 EDGEWOOD DR E","LAKELAND","FL","33803"
"07/25/2023","$209,128.25","177 HEATHER LYNN DR","DAVENPORT","FL","33897"
"07/25/2023","$199,153.13","1722 GREY FOX DR","LAKELAND","FL","33810"
"07/25/2023","$131,942.42","5458 9TH ST SE","LAKELAND","FL","33812"
"07/25/2023","$77,973.52","971 WHISPER LAKE DR","WINTER HAVEN","FL","33880"
"07/25/2023","$33,739.53","1145 W HICKORY ST","LAKELAND","FL","33815"
"07/25/2023","$163,803.98","141 CREEKWOOD RUN","LAKELAND","FL","33809"
"07/26/2023","$0.00","8825 OAKWOOD DR","LAKE WALES","FL","33898"
"07/31/2023","$147,591.53","4925 MAGNOLIA AVE","MULBERRY","FL","33860"
"08/04/2023","$89,559.02","39 QUEENS CT","FROSTPROOF","FL","33843"
"08/07/2023","$197,782.36","2115 WHISPERING TRAILS BLVD","WINTER HAVEN","FL","33884"
"08/08/2023","$180,732.14","4299 MOON SHADOW LOOP","MULBERRY","FL","33860"
"08/08/2023","$234,649.71","362 PASCO CT","WINTER HAVEN","FL","33884"
"08/15/2023","$470,490.29","6904 PINETREE LN E","LAKELAND","FL","33811"
"08/15/2023","$224,212.08","7810 COUNTRY CHASE AVE","LAKELAND","FL","33810"
"08/28/2023","$357,769.16","223 MONTEREY ST","POINCIANA","FL","34759"
"08/30/2023","$114,525.38","713 NE 4TH ST","FORT MEADE","FL","33841"
"08/30/2023","$225,930.00","512 VILLAGIO LOOP","POINCIANA","FL","34759"
"09/13/2023","$231,257.16","4608 SMITH RD","LAKELAND","FL","33810"
"09/14/2023","$141,431.02","460 LAKE ELOISE POINTE BLVD","WINTER HAVEN","FL","33884"
"09/14/2023","$262,720.28","437 STILLWATER LN","HAINES CITY","FL","33844"
"09/26/2023","$131,060.34","2175 MONTICELLO AVE","LAKELAND","FL","33801"
"07/13/2023","$99,989.79","306 S MAGNOLIA AVE","FLORAHOME","FL","32140"
"07/13/2023","$175,016.91","1805 WESTOVER DR","PALATKA","FL","32177"
"07/13/2023","$77,732.81","115 LINDA LN","PALATKA","FL","32177"
"07/13/2023","$29,662.30","113 ILLINOIS ST","CRESCENT CITY","FL","32112"
"07/13/2023","$39,904.21","131 PHILLIPS RD","FLORAHOME","FL","32140"
"07/20/2023","$74,007.13","102 GOODWIN ST","EAST PALATKA","FL","32131"
"07/13/2023","$94,001.79","152 STEWART ST","SAINT AUGUSTINE","FL","32084"
"07/13/2023","$281,865.69","1048 OAK ARBOR CIR","SAINT AUGUSTINE","FL","32084"
"07/20/2023","$142,760.11","1600 REDSTONE CT","SAINT AUGUSTINE","FL","32092"
"08/10/2023","$1,916.00","744 PALM HAMMOCK CIR","SAINT AUGUSTINE","FL","32095"
"08/17/2023","$353,803.70","109 PARANZA TRCE","SAINT AUGUSTINE","FL","32095"
"09/14/2023","$444,530.94","760 FLOWERS ST","SAINT AUGUSTINE","FL","32092"
"09/14/2023","$241,464.06","292 SILVER GLEN AVE","SAINT AUGUSTINE","FL","32092"
"09/14/2023","$232,730.02","118 WISTERIA RD","SAINT AUGUSTINE","FL","32086"
"06/27/2023","$190,273.97","2108 ANDORRA ST","NAVARRE","FL","32566"
"06/27/2023","$73,768.55","8260 BUCKET CREEK RD","MILTON","FL","32570"
"06/27/2023","$99,360.85","5324 COLLINS DR","MILTON","FL","32570"
"07/06/2023","$144,424.21","4883 TEALWOOD DR","PACE","FL","32571"
"07/06/2023","$170,154.42","5256 LASSITER RD","PACE","FL","32571"
"07/07/2023","$7,608.33","2151 WINFIELD DR","NAVARRE","FL","32566"
"07/11/2023","$155,365.66","4543 MORNINGSIDE LN","PACE","FL","32583"
"07/11/2023","$20,985.39","6102 ASHTON WOODS CIR","MILTON","FL","32570"
"07/11/2023","$182,330.33","2763 OAKEY CT","NAVARRE","FL","32566"
"07/12/2023","$457,714.64","8147 WHITE SANDS BLVD","NAVARRE BEACH","FL","32566"
"07/14/2023","$146,857.86","2270 ARROW CT","NAVARRE","FL","32566"
"07/18/2023","$222,716.94","4837 ROYAL PINES DR","PACE","FL","32571"
"07/18/2023","$211,728.59","5013 PATTERSON LN","PACE","FL","32571"
"07/18/2023","$48,162.21","6769 WALKER ST","MILTON","FL","32570"
"07/19/2023","$358,209.84","6002 RIDGEVIEW DR","MILTON","FL","32570"
"07/19/2023","$303,011.52","2489 IRVING DR","NAVARRE","FL","32566"
"07/19/2023","$6,532.84","6856 YORKWOOD ST","NAVARRE","FL","32566"
"07/20/2023","$16,696.70","6617 FILBURT ST","NAVARRE","FL","32566"
"07/20/2023","$6,877.54","2029 DUDLEY CT","NAVARRE","FL","32566"
"07/25/2023","$60,238.45","6504 HUNTER ST","MILTON","FL","32570"
"08/03/2023","$119,377.37","5024 GLOVER LN","MILTON","FL","32570"
"08/09/2023","$51,917.37","6928 JAVID RD","MILTON","FL","32583"
"08/15/2023","$276,928.93","3801 LUTHER FOWLER RD","PACE","FL","32751"
"06/27/2023","$362,751.87","2212 ISLAND CREEK RD","SARASOTA","FL","34240"
"06/27/2023","$253,241.09","1247 N FAIROAKS DR","NORTH PORT","FL","34288"
"06/28/2023","$295,870.99","5160 HORNBUCKLE BLVD","NORTH PORT","FL","34291"
"06/28/2023","$283,241.77","5205 OLD BRADENTON RD","SARASOTA","FL","34234"
"06/28/2023","$293,080.47","4932 DAVID AVE","SARASOTA","FL","34234"
"06/30/2023","$140,352.08","3233 ABBOTSFORD ST","NORTH PORT","FL","34287"
"07/11/2023","$580,731.16","2107 PINE TER","SARASOTA","FL","34231"
"07/11/2023","$394,925.25","4620 DEER TRAIL BLVD","SARASOTA","FL","34238"
"07/11/2023","$537,902.00","777 BEACH RD 1E","SARASOTA","FL","34242"
"07/11/2023","$26,381.91","JULIANNA ST","NORTH PORT","FL","34288"
"07/11/2023","$0.00","CONGRESS ST","NORTH PORT","FL","34288"
"07/11/2023","$267,342.92","360 PALM GROVE AVE","ENGLEWOOD","FL","34223"
"07/17/2023","$26,666.83","IRONSIDE ST","NORTH PORT","FL","34288"
"07/17/2023","$49,072.51","EWEN DR","NORTH PORT","FL","34288"
"06/27/2023","$216,400.83","6304 SPRING LAKE TER","SAINT LUCIE COUNTY","FL","34951"
"06/27/2023","$138,071.32","1581 SE SUTTON ST","PORT SAINT LUCIE","FL","34953"
"06/27/2023","$305,112.98","371 NW SHERRY LN","PORT SAINT LUCIE","FL","34986"
"06/28/2023","$549,208.41","5352 NW EAST PADEN CIR","PORT SAINT LUCIE","FL","34986"
"06/28/2023","$15,504.32","104 NW ROCKBRIDGE CT","PORT SAINT LUCIE","FL","34986"
"07/11/2023","$382,310.80","1089 SW JANETTE AVE","PORT SAINT LUCIE","FL","34953"
"07/11/2023","$28,428.08","1509 BOSTON AVE","FORT PIERCE","FL","34950"
"07/11/2023","$10,071.84","1510 N 17TH ST","FORT PIERCE","FL","34950"
"07/11/2023","$120,322.43","3118 S 23RD ST","SAINT LUCIE COUNTY","FL","34950"
"07/12/2023","$335,702.65","318 NW SPRINGVIEW LOOP","PORT SAINT LUCIE","FL","34986"
"07/12/2023","$309,077.56","3933 SW KAKOPO ST","PORT SAINT LUCIE","FL","34953"
"07/12/2023","$157,496.11","913 SKYLARK DR","FORT PIERCE","FL","34982"
"07/12/2023","$215,419.78","1114 NW LOMBARDY DR","PORT SAINT LUCIE","FL","34986"
"07/12/2023","$630,124.93","107 SE SANTA GARDENIA","PORT SAINT LUCIE","FL","34984"
"07/19/2023","$206,615.48","2170 SE GLENROCK TER","PORT SAINT LUCIE","FL","34953"
"07/19/2023","$23,123.25","32 LAKE VISTA TRL 201","SAINT LUCIE COUNTY","FL","34950"
"07/19/2023","$62,958.02","362 NE SURREY ST","PORT SAINT LUCIE","FL","34953"
"07/25/2023","$130,843.67","113 SW ESSEX DR","PORT SAINT LUCIE","FL","34953"
"07/25/2023","$203,376.22","1013 SW BARBAROSA AVE","PORT SAINT LUCIE","FL","34953"
"07/25/2023","$316,937.25","11630 WILLIS RD","SAINT LUCIE COUNTY","FL","34950"
"07/26/2023","$368,781.12","1565 SE CAMBRIDGE DR","PORT SAINT LUCIE","FL","34953"
"07/26/2023","$259,194.99","1810 SW BELLEVUE AVE","PORT SAINT LUCIE","FL","34953"
"07/26/2023","$33,088.27","465 SE FASCINO CIR","PORT SAINT LUCIE","FL","34984"
"07/26/2023","$138,994.40","1558 SE PITCHER RD","PORT SAINT LUCIE","FL","34953"
"07/26/2023","$15,380.21","1512 N 17TH ST","FORT PIERCE","FL","34950"
"08/01/2023","$213,662.51","6804 DONLON RD","SAINT LUCIE COUNTY","FL","34950"
"08/02/2023","$196,748.39","107 CAMELOT DR","SAINT LUCIE COUNTY","FL","34950"
"08/02/2023","$214,851.83","844 SE FESTIVO CT","SAINT LUCIE COUNTY","FL","34950"
"08/02/2023","$7,461.87","134 NW WILLOW GROVE AVE","PORT SAINT LUCIE","FL","34986"
"08/08/2023","$490,203.98","223 SE COURANCES DR","PORT SAINT LUCIE","FL","34984"
"08/08/2023","$134,304.90","6505 PASO ROBLES BLVD","SAINT LUCIE COUNTY","FL","34950"
"08/08/2023","$250,628.97","2932 SW MASSEY LN","PORT SAINT LUCIE","FL","34953"
"08/09/2023","$181,273.23","2 LAKE VISTA TRL 107","SAINT LUCIE COUNTY","FL","34950"
"08/16/2023","$211,618.58","6009 FORT PIERCE BLVD","SAINT LUCIE COUNTY","FL","34950"
"08/22/2023","$302,344.97","323 SE INWOOD AVE","PORT SAINT LUCIE","FL","34953"
"08/30/2023","$9,894.23","110 NW SWANN MILL CIR","PORT SAINT LUCIE","FL","34986"
"09/06/2023","$177,417.06","1904 SAN MARCOS AVE","FORT PIERCE","FL","34950"
"09/06/2023","$0.00","7606 FORT WALTON AVE","SAINT LUCIE COUNTY","FL","34950"
"09/06/2023","$88,311.50","7606 FORT WALTON AVE","SAINT LUCIE COUNTY","FL","34950"
"09/06/2023","$126,977.11","446 SE GALLEON LN","PORT SAINT LUCIE","FL","34953"
"06/27/2023","$186,210.57","821 PICKFORD CT","DELTONA","FL","32725"
"06/27/2023","$189,713.80","985 HALSTEAD ST","DELTONA","FL","32725"
"06/27/2023","$453,961.67","314 COLUMBUS AVE","NEW SMYRNA BEACH","FL","32169"
"06/28/2023","$106,123.29","1020 BOBBIE LEE DR","HOLLY HILL","FL","32117"
"06/29/2023","$242,287.52","2780 FARGO AVE","DELTONA","FL","32738"
"06/29/2023","$183,996.57","2666 GRAMERCY DR","DELTONA","FL","32738"
"06/29/2023","$263,352.40","6025 WINNING WOOD TR","DELEON SPRINGS","FL","32130"
"06/30/2023","$179,959.06","811 W RIVER OAK DR","ORMOND BEACH","FL","32174"
"06/30/2023","$81,180.45","500 S BEACH ST C2","DAYTONA BEACH","FL","32114"
"06/30/2023","$213,473.39","546 RUTH ST","PORT ORANGE","FL","32127"
"07/05/2023","$74,403.83","1530 FRANKLIN CIR","HOLLY HILL","FL","32117"
"07/06/2023","$296,711.52","5025 DELEON OAKS CT","DELEON SPRINGS","FL","32130"
"07/07/2023","$93,775.08","837 PINEWOOD ST","DAYTONA BEACH","FL","32117"
"07/07/2023","$134,874.10","1375 POWERS AVE","HOLLY HILL","FL","32117"
"07/11/2023","$60,568.77","138 N BROOKS CIR","OAK HILL","FL","32759"
"07/13/2023","$156,525.51","1435 DUROC DR","LAKE HELEN","FL","32744"
"07/19/2023","$125,039.46","11 APPLEWOOD CIR","SOUTH DAYTONA","FL","32119"
"07/19/2023","$139,614.65","225 BELLEWOOD AVE","SOUTH DAYTONA","FL","32119"
"07/20/2023","$168,313.27","1319 UMBRELLA TREE DR","EDGEWATER","FL","32132"
"07/20/2023","$116,857.45","916 S GARFIELD AVENUE","DELAND","FL","32724"
"07/21/2023","$156,301.75","69 E BAYSHORE DR","PORT ORANGE","FL","32127"
"07/25/2023","$170,217.96","1556 E NORMANDY BLVD","DELTONA","FL","32725"
"07/25/2023","$128,933.56","236 W MINNESOTA AVE","DELAND","FL","32720"
"07/25/2023","$239,944.73","2057 HEATHWOOD ST","DELTONA","FL","32725"
"07/26/2023","$91,535.94","1007 DAYTONA AVE","HOLLY HILL","FL","32117"
"07/26/2023","$36,322.96","641 CEDAR PARK DR","DAYTONA BEACH","FL","32114"
"08/03/2023","$204,347.65","1395 17TH ST","ORANGE CITY","FL","32763"
"08/04/2023","$861,735.81","231 RIVERSIDE DR 1008-1","HOLLY HILL","FL","32117"
"08/09/2023","$109,101.49","632 WHITE ST","DAYTONA BEACH","FL","32114"
"08/09/2023","$167,329.21","227 S LANVALE AVE","DAYTONA BEACH","FL","32114"
"08/10/2023","$253,310.34","402 E TAYLOR RD","DELAND","FL","32724"
"08/10/2023","$210,001.45","164 N HIGH ST","LAKE HELEN","FL","32744"
"08/11/2023","$243,042.54","24 MARJORIE TR","ORMOND BEACH","FL","32174"
"08/11/2023","$107,464.06","502 COLLINS ST","ORMOND BEACH","FL","32174"
"08/15/2023","$179,881.58","305 E NEW YORK AVE","DELAND","FL","32724"
"08/15/2023","$179,881.58","1906 HILLCREST OAK DR","DELAND","FL","32720"
"08/22/2023","$250,836.18","650 S PINE ST","NEW SMYRNA BEACH","FL","32169"
"08/22/2023","$253,863.34","1896 MONTICELLO ST","DELTONA","FL","32738"
"08/22/2023","$140,885.03","707 SHAW LAKE RD","PIERSON","FL","32180"
"08/30/2023","$464,060.14","1117 JARECKI AVENUE","HOLLY HILL","FL","32117"
"08/30/2023","$200,673.55","762 HAND AVE","ORMOND BEACH","FL","32174"
"08/31/2023","$166,297.85","790 PINE BLUFF AVE","DELTONA","FL","32725"
"09/05/2023","$195,709.32","2755 LIGHTWOOD ST","DELTONA","FL","32738"
"06/27/2023","$108,960.34","182 GATOR RUN","DEFUNIAK SPRINGS","FL","32433"
"06/29/2023","$119,606.25","75 ALAQUA TERRACE RD","FREEPORT","FL","32439"
"07/03/2023","$89,105.21","188 PALMETTO AVE","FREEPORT","FL","32439"
"07/10/2023","$61,359.86","315 BEAR HEAD RD","DEFUNIAK SPRINGS","FL","32435"
"07/13/2023","$38,348.32","562 CASWELL RD","DEFUNIAK SPRINGS","FL","32433"
"07/25/2023","$138,990.23","216 S25TH ST","DEFUNIAK SPRINGS","FL","32435"
"08/15/2023","$693,459.12","5002 SOUTH SANDESTIN BLVD # 68","MIRAMAR BEACH","FL","32550"
